,time_step 1,time_step 2,time_step 3,time_step 4,time_step 5,time_step 6,time_step 7,time_step 8,time_step 9,time_step 10,time_step 11,time_step 12,time_step 13,time_step 14,time_step 15,time_step 16,time_step 17,time_step 18,time_step 19,time_step 20,time_step 21,time_step 22,time_step 23,time_step 24,time_step 25,time_step 26,time_step 27,time_step 28,time_step 29,time_step 30,time_step 31,time_step 32,time_step 33,time_step 34,time_step 35,time_step 36
Episode 1,14.50534933,16.35146007,18.50534933,18.50534933,11.94025734,18.41408886,6,0.648,0.334732533,0.334732533,0.129708652,0.464441185,0.298018102,0.742849084,2.46830918,6.693087853,12.84814297,22.816,27.87837589,25.816,26.026145,25.56388797,24.67323523,23.78240196,21.816,24.149,21.55445553,21.55445553,21.55445553,21.55445553,23.29102723,15.24596903,19.346,19.346,21.67592047,21.67592047
Episode 2,36.698,36.698,36.698,36.83899575,37.33903913,39.394,39.394,39.394,37.31616504,36.698,28.68738029,38.97743687,39.394,36.698,39.394,39.394,39.394,39.394,34.19253652,38.92688424,39.394,38.57285146,39.394,34.256,39.394,35.969,35.71794502,36.698,35.956,39.394,39.394,39.394,39.394,39.394,39.394,39.394
Episode 3,36.62782259,35.969,36.698,38.61000812,40.03473467,40.561,40.561,35.969,36.05804915,31.376,40.561,40.561,37.37641678,40.561,40.561,40.561,40.561,35.969,40.561,40.561,40.561,39.394,35.969,39.394,38.61208972,38.61208972,38.61208972,38.61208972,40.561,40.561,40.561,40.561,40.561,40.561,40.561,40.561
Episode 4,0,0,0,0,0,0,0,0,0,0,0,0,0,0,0,0,0,0,0,0,0,0,0,0,0,0,0,0,0,0,0,0,0,0,0,0
Episode 5,0,0,0,0,0,0,0,0,0,0,0,0,0,0,0,0,0,0,0,0,0,0,0,0,0,0,0,0,0,0,0,0,0,0,0,0
Episode 6,0,0,0,0,0,0,0,0,0,0,0,0,0,0,0,0,0,0,0,0,0,0,0,0,0,0,0,0,0,0,0,0,0,0,0,0
Episode 7,0,0,0,0,1.364574405,0,0,0,0,0,0,0,0,0,0,0,0,0,0,0,0,0,0,0,0,0,0,0,0,0,0,0,0,0,1.364574405,1.364574405
Episode 8,0,0,0,0.673422356,0,0,0,0,0,0,0,0,0,0,0,0,0,0,0,0,0,0,0,0,0,0,0,0,0,0,0,0,0,0.673422356,0.673422356,0.673422356
Episode 9,0,0,0,0,0,0,0,0,0,0,0,0,0,0,0,0,0,0,0,0,0,0,0,0,0,0,0,0,0,0,0,0,0,0,0,0
Episode 10,0,0,0,0,0,0,0,0,0,0,0,0,0,0,0,0,0,0,0,0,0,0,0,0,0,0,0,0,0,0,0,0,0,0,0,0
Episode 11,0,0,0,0,0,0,0,0,0,0,0,0,0,0,0,0,0,0,0,0,0,0,0,0,0,0,0,0,0,0,0,0,0,0,0,0
Episode 12,0,0,0,0,0,0,0,0,0,0,0,0,0,0,0,0,0,0,0,0,0,0,0,0,0,0,0,0,0,0,0,0,0,0,0,0
Episode 13,34.256,33.95737269,28.89746881,39.6640029,40.58109637,40.64199546,35.75524795,35.969,34.256,40.64199546,40.64199546,39.75711204,40.64199546,40.64199546,40.64199546,40.64199546,35.969,40.64199546,40.64199546,40.561,40.561,36.61700454,40.64199546,40.561,40.561,40.561,40.48916682,40.64199546,40.64199546,40.64199546,40.64199546,40.64199546,40.64199546,40.64199546,40.64199546,40.64199546
Episode 14,0,0,0,0,0,0,0,0,0,0,0,0,0,0,0,0,0,0,0,0,0,0,0,0,0,0,0,0,0,0,0,0,0,0,0,0
Episode 15,0,0,0,0,0,0,0,0,0,0,0,0,0,0,0,0,0,0,0,0,0,0,0,0,0,0,0,0,0,0,0,0,0,0,0,0
Episode 16,0,0,0,0,0,0,0,0,0,0,0,0,0,0,0,0,0,0,0,0,0,0,0,0,0,0,0,0,0,0,0,0,0,0,0,0
Episode 17,0,0,0,0,0,0,0,0,0,0,0,0,0,0,0,0,0,0,0,0,0,0,0,0,0,0,0,0,0,0,0,0,0,0,0,0
Episode 18,0,0,0,0,0,0,0,0,0,0,0,0,0,0,0,0,0,0,0,0,0,0,0,0,0,0,0,0,0,0,0,0,0,0,0,0
Episode 19,0,0,0,0,0,0,0,0,0,0,0,0,0,0,0,0,0,0,0,0,0,0,0,0,0,0,0,0,0,0,0,0,0,0,0,0
Episode 20,0,0,0,0,0,0,0,0,0,0,0,0,0,0,0,0,0,0,0,0,0,0,0,0,0,0,0,0,0,0,0,0,0,0,0,0
Episode 21,0,0,0,0,0,0,0,0,0,0,0,0,0,0,0,0,0,0,0,0,0,0,0,0,0,0,0,0,0,0,0,0,0,0,0,0
Episode 22,0,0,0,0,0,0,0,0,0,0,0,0,0,0,0,0,0,0,0,0,0,0,0,0,0,0,0,0,0,0,0,0,0,0,0,0
Episode 23,0,0,0,0,0,0,0,0,0,0,0,0,0,0,0,0,0,0,0,0,0,0,0,0,0,0,0,0,0,0,0,0,0,0,0,0
Episode 24,30.53062183,21.05747701,26.691,27.35006999,26.61246986,26.9468165,25.26067898,25.28499172,22.25610744,30.53062183,30.53062183,30.53062183,30.53062183,30.53062183,30.53062183,29.233,30.53062183,30.53062183,30.53062183,30.53062183,29.89498451,30.53062183,30.53062183,30.37354609,30.53062183,30.53062183,30.53062183,30.53062183,30.53062183,30.53062183,30.53062183,30.53062183,30.53062183,30.53062183,30.53062183,30.53062183
Episode 25,0,0,0,0,0,0,0,0,0,0,0,0,0,0,0,0,0,0,0,0,0,0,0,0,0,0,0,0,0,0,0,0,0,0,0,0
Episode 26,0,0,0,0,0,0,0,0,0,0,0,0,0,0,0,0,0,0,0,0,0,0,0,0,0,0,0,0,0,0,0,0,0,0,0,0
Episode 27,0,0,0,0,0,0,0,0,0,0,0,0,0,0,0,0,0,0,0,0,0,0,0,0,0,0,0,0,0,0,0,0,0,0,0,0
Episode 28,0,0,0,0,0,0,0,0,0,0,0,0,0,0,0,0,0,0,0,0,0,0,0,0,0,0,0,0,0,0,0,0,0,0,0,0
Episode 29,0,0,0,0,0,0,0,0,0,0,0,0,0,0,0,0,0,0,0,0,0,0,0,0,0,0,0,0,0,0,0,0,0,0,0,0
Episode 30,0,0,0,0,0,0,0,0,0,0,0,0,0,0,0,0,0,0,0,0,0,0,0,0,0,0,0,0,0,0,0,0,0,0,0,0
Episode 31,0,0,0,0,0,0,0,0,0,0,0,0,0,0,0,0,0,0,0,0,0,0,0,0,0,0,0,0,0,0,0,0,0,0,0,0
Episode 32,0,0,0,0,0,0,0,0,0,0,0,0,0,0,0,0,0,0,0,0,0,0,0,0,0,0,0,0,0,0,0,0,0,0,0,0
Episode 33,0,0,0,0,0,0,0,0,0,0,0,0,0,0,0,0,0,0,0,0,0,0,0,0,0,0,0,0,0,0,0,0,0,0,0,0
Episode 34,0,0,0,0,0,0,0,0,0,0,0,0,0,0,0,0,0,0,0,0,0,0,0,0,0,0,0,0,0,0,0,0,0,0,0,20
Episode 35,21.56173359,20.13913938,31.23733699,28.53052364,30.1856797,28.12228379,26.83610781,29.24965058,34.52619354,34.52619354,34.52619354,34.52619354,34.52619354,34.52619354,34.256,34.52619354,34.52619354,34.52619354,34.52619354,33.61268912,34.52619354,34.52619354,33.33545758,34.52619354,33.14416068,34.52619354,34.52619354,34.52619354,34.52619354,34.52619354,34.52619354,34.52619354,34.52619354,34.52619354,34.52619354,34.52619354
Episode 36,0,0,0,0,0,0,0,0,0,0,0,0,0,0,0,0,0,0,0,0,0,0,0,0,0,0,0,0,0,0,0,0,0,0,20,9.104608119
Episode 37,0,0,0,0,0,0,0,0,0,0,0,0,0,0,0,0,0,0,0,0,0,0,0,0,0,0,0,0,0,0,0,0,0,0.819148623,38.16808556,12.28722934
Episode 38,0,0,0,0,0,0,0,0,0,0,0,0,0,0,0,0,0,0,0,0,0,0,0,0,0,0,0,0,0,0,0,0,3.53517951,61.73503253,67.12657482,8.122788567
Episode 39,0,0,0,0,0,0,0,0,0,0,0,0,0,0,0,0,0,0,0,0,0,0,0,0,0,0,0,0,0,0,0,28.89487608,200,200,20,100
Episode 40,0,0,0,0,0,0,0,0,0,0,0,0,0,0,0,0,0,0,0,0,0,0,0,0,0,0,0,0,0,0,27.10829849,67.12960026,65.85660371,20.06300705,65.85660371,100
Episode 41,0,0,0,0,0,0,0,0,0,0,0,0,0,0,0,0,0,0,0,0,0,0,0,0,0,0,0,0,0,31.88866971,67.12960026,43.39116137,15.88646578,76.19709028,100,67.23847686
Episode 42,0,0,0,0,0,0,0,0,0,0,0,0,0,0,0,0,0,0,0,0,0,0,0,0,0,0,0,0,33.50447819,163.7229692,46.07846136,16.92714589,65.85660371,100,65.85660371,65.85660371
Episode 43,0,0,0,0,0,0,0,0,0,0,0,0,0,0,0,0,0,0,0,0,0,0,0,0,0,0,0,30.96682864,67.12960026,42.92389521,13.33439629,65.85660371,62.25380128,64.26450562,53.22428454,53.4758496
Episode 44,0,0,0,0,0,0,0,0,0,0,0,0,0,0,0,0,0,0,0,0,0,0,0,0,0,2.238440433,50.3472002,67.12960026,38.02416908,11.91484934,64.45727565,62.25380128,100,49.70347342,49.70347342,100
Episode 45,0,0,0,0,0,0,0,0,0,0,0,0,0,0,0,0,0,0,0,0,0,0,0,0,20,50.3472002,69.38454473,32.543,10.17759227,52.70138498,48.11916385,52.86644839,46.5931162,52.03403869,53.47819382,100
Episode 46,20.78989854,24.941,26.691,26.47785222,24.39946492,26.40831372,25.39803974,33.3133294,33.3133294,33.3133294,33.3133294,33.3133294,33.3133294,33.3133294,33.3133294,33.3133294,33.3133294,33.3133294,33.3133294,33.3133294,33.3133294,33.3133294,33.3133294,31.27376448,33.3133294,33.3133294,33.3133294,33.3133294,33.3133294,33.3133294,33.3133294,33.3133294,33.3133294,33.3133294,33.3133294,33.3133294
Episode 47,0,0,0,0,0,0,0,0,0,0,0,0,0,0,0,0,0,0,0,0,0,0,0,3.086442184,50.3472002,69.38454473,34.767,40.561,40.561,47.47621127,61.05122438,42.48342991,53.94878138,59.95705569,100,100
Episode 48,0,0,0,0,0,0,0,0,0,0,0,0,0,0,0,0,0,0,0,0,0,0,30.41193569,52.03840855,52.03840855,2.67949561,34.256,34.256,36.83658134,48.38510076,26.90044131,43.5175611,46.95790927,47.815,47.815,24.122
Episode 49,0,0,0,0,0,0,0,0,0,0,0,0,0,0,0,0,0,0,0,0,0,20,52.03840855,52.03840855,20,35.969,35.969,41.38084805,49.70347342,26.90044131,44.82156625,49.75200365,40.561,40.561,40.561,100
Episode 50,0,0,0,0,0,0,0,0,0,0,0,0,0,0,0,0,0,0,0,0,0,0,34.02964952,20,50.79751493,41.19614503,41.3969562,62.13773434,23.20241573,40.561,64.26450562,47.06803241,47.06803241,44.76675886,100,100
Episode 51,0,0,0,0,0,0,0,0,0,0,0,0,0,0,0,0,0,0,0,0,0,34.256,20.46719875,48.37885474,40.561,41.3969562,61.78258427,23.20241573,39.394,64.26450562,44.76675886,44.76675886,44.76669064,73.90434935,100,100
Episode 52,0,0,0,0,0,0,0,0,0,0,0,0,0,0,0,0,0,0,0,0,32.543,20,49.35880514,41.70973268,41.68195656,64.26450562,23.6482188,40.561,64.26450562,47.06803241,44.76675886,44.76669064,100,100,100,100
Episode 53,0,0,0,0,0,0,0,0,0,0,0,0,0,0,0,0,0,0,20,33.56480013,0,32.27354429,32.27354429,40.9310116,20,46.51125559,46.51125559,22.00074441,19.94793627,19.94793627,72.13012747,19.94793627,20,39.23271017,28.275,34.19761903
Episode 54,0,0,0,0,0,0,0,0,0,0,0,0,0,0,0,0,0,0,47.21081731,20,50.52307395,50.52307395,55.98934065,35.969,67.12960026,63.96137551,34.256,29.60888065,28.275,100,35.969,39.394,61.73503253,37.82574656,39.359,35.969
Episode 55,0,0,0,0,0,0,0,0,0,0,0,0,0,0,0,0,3.086442184,47.21081731,2.839714787,46.7816038,46.7816038,46.91389632,34.19761903,57.0032853,52.89261526,26.29838474,28.275,23.73792306,74.90736087,29.676608,32.35299858,55.86714418,29.60085725,28.275,24.41321302,70.69613542
Episode 56,0,0,0,0,0,0,0,0,0,0,0,0,0,0,0,0,43.47186827,20,61.05122438,61.05122438,63.98368297,40.561,68.78147777,63.99693173,35.99770916,35.969,28.275,100,37.79677593,40.561,58.72588402,35.969,32.543,23.32182745,69.04293369,100
Episode 57,25.07223183,20.18131679,29.34510018,21.49489982,22.02967573,21.47115002,30.29569478,26.2177847,30.29569478,30.29569478,30.29569478,25.15146297,25.17011248,28.19984874,30.29569478,28.275,29.24529122,28.58650234,29.24529122,29.24529122,29.24529122,28.73022054,30.29569478,30.29569478,30.29569478,30.29569478,30.29569478,30.29569478,30.29569478,30.29569478,30.29569478,30.29569478,30.29569478,30.29569478,30.29569478,30.29569478
Episode 58,0,0,0,0,0,0,0,0,0,0,0,0,0,0,0,0,0,8.421780188,12.8964486,61.02358833,74.47030686,100,100,89.8949308,100,100,100,100,87.40238597,39.394,94.42453501,67.08346355,67.08346355,35.969,67.44167995,73.26576365
Episode 59,0,0,0,0,0,0,0,0,0,0,0,0,0,0,0,0,0,1.055140796,28.72716492,15.07236708,53.26053864,68.84227042,60.59344099,148,82.24397535,80.56192468,20,15.32707532,10.97692775,40.8860888,46.0719799,28.275,14.42616646,40.8860888,28.77398332,28.77398332
Episode 60,0,0,0,0,0,0,0,0,0,0,0,0,0,0,0,0,8.192894518,37.7933652,15.25680222,74.94095749,100,119.3087881,119.4174757,119.3150047,100,39.1854304,22.37320026,14.9055696,39.1854304,46.0719799,39.1854304,20,39.1854304,28.77398332,28.77398332,29.97051963
Episode 61,0,0,0,0,0,0,0,0,0,0,0,0,0,0,0,8.610607227,30.57823865,17.81285935,67.497902,64.23518073,78.68123313,95.40078468,89.25327049,67.497902,30.57823865,31.8898487,12.68284059,37.79331071,44.74976135,30.57823865,20,36.698,25.35067242,25.35067242,25.35067242,30.57823865
Episode 62,0,0,0,0,0,0,0,0,0,0,0,0,0,0,10.13456898,30.51919097,22.37327809,50.61394483,62.92008486,53.37099087,79.85174902,63.45393858,73.87063682,30.51919097,34.256,20,43.19873668,42.25250032,30.51919097,22.37354108,36.72446745,30.51919097,30.51919097,30.51919097,30.51919097,30.51919097
Episode 63,0,0,0,0,0,0,0,0,0,0,0,0,3.578324712,11.67392268,34.19453309,34.19453309,66.02296817,65.69918518,36.13569109,38.63,38.63,64.23519045,34.19453309,34.19453309,32.543,34.19453309,34.19453309,33.65412374,32.1945721,34.19453309,34.19453309,34.19453309,34.19453309,34.19453309,34.19453309,34.19453309
Episode 64,0,0,0,0,0,0,0,0,0,0,0,2,10.19790345,28.275,28.275,57.36050871,63.48912095,38.43893478,38.63,37.11730302,102.6742468,28.275,28.275,20,28.275,28.275,28.275,25.816,28.275,28.275,28.275,28.275,28.275,28.275,28.275,28.275
Episode 65,0,0,0,0,0,0,0,0,0,0,0,9.086576906,24.587,20,50.1936105,59.51085475,36.22947722,75.3838613,54.49715858,64.08885342,24.587,24.587,10.16222828,24.587,24.587,24.587,24.587,24.587,24.587,24.587,24.587,24.587,24.587,24.587,24.587,24.587
Episode 66,0,0,0,0,0,0,0,0,0,22.37378892,22.37378892,35.18998974,31.51083222,66.05524424,52.6541946,31.51083222,31.51083222,31.51083222,62.27175503,31.51083222,31.51083222,31.51083222,34.92998124,31.51083222,30.2411032,29.28235626,31.51083222,31.51083222,31.34952961,31.51083222,31.51083222,31.51083222,31.51083222,31.51083222,31.51083222,31.51083222
Episode 67,0,0,0,0,0,0,0,0,0,6.600331229,23.358,12.28934178,31.47165022,43.85634978,34.3695017,121.0331323,47.22037966,51.14569711,23.358,20,9.544224053,23.358,23.358,23.358,23.358,23.358,23.358,23.358,23.358,23.358,23.358,23.358,23.358,23.358,23.358,29.503
Episode 68,20,23.36285435,20,25.42,21.95277882,28.88722118,21.89599621,28.88722118,28.88722118,28.88722118,21.87722016,23.52481805,21.95277882,28.88722118,22.24095033,27.40898799,25.72709771,27.40898799,27.40898799,27.40898799,25.77652724,28.88722118,28.88722118,28.88722118,28.88722118,28.88722118,28.88722118,28.88722118,28.88722118,28.88722118,28.88722118,28.92232663,29.11408003,30.0455784,30.35396547,30.35396547
Episode 69,0,0,0,0,0,0,0,0,1.196208819,10.54937464,16.17377123,16.17377123,19.13205248,22.9168005,32.69229404,22.9168005,19.13205248,16.17377123,16.17377123,12.07621065,16.17377123,15.27190519,13.67732466,13.67732466,16.17377123,16.17377123,16.17377123,16.17377123,16.86593473,18.61754384,19.80522774,22.22229295,22.28950897,30.31307611,34.256,30.23599659
Episode 70,,,,,,,,,,,,,,,,,,,,,,,,,,,,,,,,,,,,
Episode 71,0,0,0,0,0,0,1.599060855,17.87356616,15.99060855,17.87356616,24.00533172,29.43302192,36.25918947,29.42756174,21.52824165,17.87356616,15.99060855,12.98194285,17.87356616,17.87356616,17.87356616,13.13196394,17.87356616,17.87356616,17.87356616,17.87356616,17.87356616,17.87356616,17.87356616,17.87356616,17.87356616,17.87356616,23.97816922,28.8108401,43.1261599,36
Episode 72,0,0,0,0,0,1.196208819,10.39026893,15.99060855,15.99060855,17.51901116,19.88322161,27.7822627,19.25512844,17.30568972,15.99060855,15.99060855,11.93983744,15.99060855,15.51161717,13.52266855,13.52266855,15.99060855,15.99060855,15.99060855,15.99060855,17.93235612,19.44867413,19.88322161,19.88322161,22.02747128,25.79143597,29.20501575,31.65586989,155.1776155,151.6741986,43.97535537
Episode 73,0,0,0,0,1.098486708,20,11.48958164,21.94174757,34.52588564,31.32008185,76.31172789,21.94174757,34.256,20,11.49170911,9.109032011,20,20,20,20,20,20,20,20,20,20,20,20,20,20,23.04931331,24.98726316,41.91513047,36.24829307,37.61504726,44.14078425
Episode 74,0,0,0,1.498151549,6.599206372,16.86645797,16.51708071,16.82136353,19.81166872,20.34953804,19.82500101,19.17642113,19.17642113,17.84127061,14.33255862,18.97815845,17.09080785,16.48345988,16.1730832,18.49673859,18.41514287,18.41514287,18.41514287,18.41514287,18.41514287,18.76188506,19.39339399,20.34295251,26.71872787,29.49940844,30,42.1953464,40,40,40,37.61913757
Episode 75,0,0,1.345768636,6.599206372,16.86645797,19.61186373,19.61186373,19.61186373,20.34953804,19.82500101,19.76207788,19.61186373,18.03470864,14.65318184,19.60015468,19.29499226,18.05855206,18.05855206,19.12207121,19.00801175,19.00801175,19.00801175,19.00801175,19.04024152,19.80503322,20.55109596,24.43451565,28.38447132,29.87656415,32.749,42.1953464,40.9446536,40,40,40,105.0604289
Episode 76,0,6.751774354,19.76949044,13.12309108,19.99328613,32.543,30.58635284,100.8118901,20.99591086,34.11492873,19.76949044,11.57542341,8.791872814,19.76949044,19.76949044,19.76949044,19.76949044,19.76949044,19.76949044,19.76949044,19.76949044,19.76949044,19.76949044,19.76949044,19.76949044,19.76949044,19.76949044,19.76949044,23.97198948,28.76277204,28.05569651,35.969,35.969,35.969,45.16166007,46.30495277
Episode 77,0,16.49758656,16.49758656,16.49758656,18.73871333,23.94011092,32.14742022,24.70455617,18.72351207,16.75914186,16.49758656,12.16572326,16.49758656,14.32992849,13.96059286,13.96059286,16.49758656,16.49758656,16.49758656,16.49758656,16.49758656,16.49758656,16.49758656,16.49758656,16.49758656,19.93894201,23.87646414,27.75148929,34.93136779,33.68058173,41.10420913,41.10420913,41.10420913,100,46.59084564,46.59084564
Episode 78,17.01907413,13.1240258,19.9787367,32.543,28.67472056,62.00476538,21.34651406,24.69368451,17.01907413,16.87204247,9.807362258,17.01907413,17.01907413,17.01907413,14.24750333,17.01907413,17.01907413,17.01907413,17.01907413,17.01907413,17.01907413,17.01907413,17.01907413,17.01907413,17.01907413,18.15491734,23.95929865,29.38395014,27.78280154,40.50083033,40.50083033,44.424,44.424,44.424,44.424,100
Episode 79,20.88691252,19.06074775,23.70822669,21.07494757,29.89949232,24.71260102,29.89949232,29.89949232,29.89949232,24.32879287,25.20901283,27.69338466,29.89949232,28.275,29.233,28.275,29.75182505,29.15699296,29.15699296,28.67792025,29.89949232,29.89949232,29.89949232,29.89949232,29.89949232,29.89949232,29.89949232,29.89949232,29.89949232,29.89949232,29.89949232,29.89949232,29.89949232,29.89949232,29.89949232,29.89949232
Episode 80,10.58148351,19.96939794,19.90429822,25.62547318,33.26457932,24.91333145,18.72351207,16.69676557,15.88836168,12.09600109,15.88836168,14.04589702,13.89374107,13.89374107,15.88836168,15.88836168,15.88836168,15.88836168,15.88836168,15.88836168,15.88836168,15.88836168,16.19649918,19.74204951,22.9013367,27.75148929,34.256,30.99357437,41.10420913,41.10420913,54.47112188,53.17047623,53.99269186,99.71208576,100,100
Episode 81,20,36.698,16.42327515,18.87743059,13.97167932,13.97167932,16.41285993,16.34716385,12.79694523,16.27276313,16.24754769,16.24754769,16.24754769,18.53930583,18.5586197,18.5586197,18.5586197,18.95569738,18.98170745,17.92293096,19.41747573,19.41747573,19.41747573,21.33749906,25,30,31.189,36,40,43.54353429,43.54353429,40.93833669,50.96445137,100,50.96445137,54.67044097
Episode 82,14.9033619,14.9033619,12.57101842,14.22678397,14.30089993,14.18863715,14.14225062,1.98289908,14.99382731,19.14203755,19.5104844,19.5104844,19.80574991,19.8712904,19.82706082,19.8712904,19.87498847,19.69630357,19.41747573,20.04,19.473,19.41747573,21.14252427,21.949,25.625,25.08,30,32.01265277,36,36,39.88596977,39.96105539,100,39.96105539,40.94442766,43.96185334
Episode 83,9.7170051,19.38198086,9.7170051,9.953843864,9.645836544,8.692172296,1.686645797,11.00910174,10.51651358,12.3875891,12.3875891,12.69494036,13.34252459,13.34252459,13.34252459,13.34252459,13.42619449,13.42619449,14.29055077,15.33037208,19.41747573,19.41747573,19.41747573,21.946,21.049,23.826,25.625,25.635,25.635,30.95418059,38.63,40.81457896,40.561,38.63,38.63,39.16068654
Episode 84,18.38485562,13.77532669,9.784835254,9.471866087,9.471866087,2,9.471866087,9.471866087,8.575542695,8.575542695,9.471866087,13.09079196,13.09079196,13.09079196,13.09079196,13.09079196,13.09079196,13.15568936,14.72488567,15.66404739,19.41747573,19.41747573,21.57804854,20.29,23.192,25,25,25,34.30663228,38.1230881,40.561,40.561,40.561,42.925153,42.925153,47.06073783
Episode 85,12.81962265,10.46824524,10.26173118,10.46824524,1.599060855,10.26173118,10.36126759,13.34104477,13.34104477,14.06437714,14.23319597,14.23319597,14.23319597,14.46114503,14.48237765,14.41669301,14.39385016,19.41747573,19.41747573,19.41747573,19.41747573,22.216,21.105,24.343,26.251,26.251,26.251,41.40952682,46.76076028,54.83272201,54.83272201,54.83272201,60.66286487,59.02394072,59.02394072,59.02394072
Episode 86,19.41747573,10.04255121,9.313675262,1.338334745,13.19665246,15.15662288,15.15662288,15.15662288,18.64026062,18.91199785,18.84336804,18.90705041,18.57169686,19.41747573,19.41747573,19.41747573,19.41747573,19.41747573,19.41747573,19.41747573,23.855,22.663,24.907,28.31457282,30,28.31457282,48.09830707,72.96212618,100,100,100,100,137.6333689,100,100,40
Episode 87,1.694772823,1.694772823,0.945990392,1.694772823,1.694772823,1.648065977,1.648065977,1.694772823,1.694772823,1.694772823,1.694772823,1.694772823,1.694772823,1.694772823,1.694772823,1.744628454,5.551088265,11.10498165,13.40057232,19.5529757,19.63966939,21.105,22.01132191,22.01132191,21.66498688,28.89054742,29.42854296,29.42854296,29.42854296,29.42854296,37.58238593,37.58238593,37.58238593,37.81995334,37.58238593,123.1321543
Episode 88,0.642211596,0.468407167,0.642236575,0.642236575,0.572841987,0.525531149,0.599421615,0.572841987,0.572841987,0.572841987,0.572841987,0.572841987,0.572841987,0.599421615,0.60006565,0.613985504,0.921520159,10.39026893,12.95456386,11.96208819,14.43857437,20,20,14.43857437,20,20,20.50849182,20.50849182,20.50849182,34.256,41.072,34.256,34.256,47.377,59.58579177,20.50849182
Episode 89,0.139905591,0.242801507,0.242731776,0.21372288,0.196058148,0.242731776,0.21372288,0.21372288,0.21372288,0.21372288,0.21372288,0.21372288,0.242731776,0.242731776,0.248373245,1.599060855,11.02240894,13.63651223,12.33324692,15.61713665,19.87880151,19.87880151,15.61713665,23.92385885,23.92385885,24.4563119,24.4563119,24.4563119,29.35925007,43.60735688,29.35925007,29.35925007,53.55881957,48.60331786,49.83174993,29.35925007
Episode 90,19.21779707,10.91403175,28.1494719,32.84079549,32.84079549,32.84079549,32.84079549,32.84079549,32.84079549,32.84079549,32.84079549,32.84079549,32.84079549,32.84079549,32.84079549,32.84079549,32.84079549,32.84079549,32.84079549,32.84079549,32.84079549,32.84079549,32.84079549,32.84079549,32.84079549,32.84079549,32.84079549,32.84079549,32.84079549,32.84079549,32.84079549,32.84079549,32.84079549,32.84079549,32.84079549,32.84079549
Episode 91,0,0,0,0,0,0,0,0,0,0,0,0,0,0,0,4.683754834,9.045121975,8.931792704,13.63163071,19.38041861,19.38041861,13.63163071,16.26051713,19.38041861,20,20,20,28.03357972,36.69434668,28.03357972,28.03357972,47.29442028,40.561,38.76157835,36.56642165,36.698
Episode 92,0,0,0,0,0,0,0,0,0,0,0,0,0,0,4.909220011,8.48038811,7.930061713,11.90690288,13.94957445,13.94957445,11.90690288,15.76609126,15.76609126,16.35022297,17.97954331,16.35022297,22.373101,34.29476127,22.373101,22.373101,46.91747931,43.18538176,39.359,35.969,30.11830304,30.11135365
Episode 93,0,0,0,0,0,0,0,0,0,0,0,0,0,4.917152603,9.2186734,8.931761992,13.17231036,19.36801411,19.36801411,13.17231036,16.18352238,19.36801411,20,20,20,27.49251596,36.68947293,27.49251596,27.49251596,46.19912631,40.561,37.72378738,36.698,35.969,35.969,35.969
Episode 94,0,0,0,0,0,0,0,0,0,0,0,0,4.911388846,8.48038811,7.861100502,11.61543526,14.82806736,14.82806736,11.61543526,15.08984719,15.0984179,15.68696312,20,15.68696312,21.69291097,32.84542649,21.69291097,21.69291097,43.59036401,41.57113244,35.969,34.256,34.256,30.57492486,29.233,47.61721288
Episode 95,0,0,0,0,0,0,0,0,0,0,0,3.118733931,7.97613542,7.547930378,8.192894518,13.80490864,13.80490864,8.192894518,13.78630352,13.80490864,13.80597057,19.81894579,13.80597057,20,29.80570698,20,20,40.12680043,39.35877848,35.96922152,32.543,32.69169701,28.275,27.5037176,35.99770916,35.969
Episode 96,1.026411465,1.026411465,1.026411465,1.026411465,1.026411465,1.026411465,1.170964276,1.234403572,1.244817216,1.305244999,9.169367627,12.77070136,11.96208819,14.31784679,20,20,14.31784679,17.82205995,20,22.37328524,22.37328524,22.37328524,31.93242673,38.97029049,31.93242673,31.93242673,48.6358007,40.561,40.283488,38.63,38.63,36.698,36.698,36.698,36.698,36.698
Episode 97,1.305777443,1.305777443,1.305777443,1.305777443,1.305777443,1.445018624,1.445018624,1.583628297,2,10.93676324,13.45768636,12.14533781,14.8360119,20,20,14.8360119,22.10655699,22.10655699,23.53129137,23.53129137,23.53129137,33.52319493,41.80480507,33.52319493,33.52319493,48.84261014,43.62813224,40.561,38.63,39.394,38.63,37.79371202,37.79371202,36.698,36.698,36.698
Episode 98,1.45474205,1.45474205,1.45474218,1.45474205,1.764288643,1.764288643,1.764301677,6.045752918,11.84830077,14.44317632,13.53129512,16.93073836,20,20,20,23.4216505,25.52039525,25.52039525,25.52039525,25.52039525,40.561,40.561,40.561,40.561,50.28699072,58.68077526,56.51700339,40.561,40.561,40.561,40.561,40.561,40.561,40.561,40.561,40.561
Episode 99,1.483038576,1.483038576,1.483038576,1.798615212,1.798615212,1.798615212,4.348888168,11.84830077,14.43857437,13.0268403,16.17548335,20,20,18.39251892,23.36214306,25.12623667,25.12623667,25.12623667,25.12623667,40.50895828,40.50895828,40.50895828,40.50895828,44.47604172,54.76561876,47.51716719,40.561,40.561,40.561,40.561,40.561,40.561,40.50895828,40.50895828,40.50895828,40.50895828
Episode 100,1.64909587,1.661778516,1.64909587,1.677664032,2,2.000153454,5.343664519,11.81499759,9.185315425,13.18520377,20,20,13.18520377,13.18520377,20,20,20,20,32.543,33.28852095,32.543,32.543,36.698,38.63,35.99451129,34.256,35.969,34.256,33.61504123,33.61504123,32.543,32.543,32.543,32.543,32.543,32.543
Episode 101,0,19.62867247,37.14360957,37.10970477,37.14360957,37.14360957,37.14360957,37.14360957,36.698,37.14360957,37.14360957,37.14360957,37.14360957,37.14360957,37.14360957,37.14360957,37.14360957,37.14360957,37.14360957,37.14360957,37.14360957,37.14360957,37.14360957,37.14360957,37.14360957,37.14360957,37.14360957,37.14360957,37.14360957,37.14360957,37.14360957,37.14360957,37.14360957,37.14360957,37.14360957,37.14360957
Episode 102,1.64909587,2,2,2,2.000153454,7.077439421,12.0804533,11.68852813,13.18520377,20,20,13.18520377,13.18520377,20,20,20,20,32.70026357,33.98373052,32.70026357,32.70026357,36.698,38.63,36.698,35.969,35.969,34.256,34.256,34.256,34.1948442,32.70026357,32.70026357,32.70026357,32.70026357,32.70026357,32.70026357
Episode 103,2,2.040109839,2.040109839,2.040109839,5.887964937,11.65683149,9.279649576,13.4486001,20,20,13.4486001,13.4486001,20,20,20,20,29.233,31.90102082,29.233,29.233,36.698,37.79370907,35.99453911,32.543,34.256,32.543,30.11134163,30.11134163,29.36352142,29.233,29.233,29.233,29.233,29.233,29.233,40.85713834
Episode 104,2.594973841,3.387526107,2.780381935,6.742337485,9.189908807,8.48038811,12.12415015,19.84798865,19.84798865,12.12415015,12.12415015,19.84798865,20,20,20,28.275,30.86425475,28.275,28.275,36.80290902,36.63601273,35.99770916,31.74182538,32.543,30.12381213,29.233,29.233,29.233,29.11868366,28.275,28.275,28.275,28.275,28.275,35.969,34.256
Episode 105,2.500230064,11.84830077,11.84830077,13.67869854,12.87430049,15.61713665,20,20,15.61713665,20,20,22.6766205,22.6766205,22.6766205,36.698,36.698,36.698,36.698,42.493,40.561,41.73278841,37.45821159,38.63,38.63,37.79370907,36.698,36.698,36.698,36.698,36.698,36.698,36.698,36.698,36.698,36.698,36.698
Episode 106,1.697874212,12.95456386,16.02673375,13.72034847,16.02673375,20,20,19.10898996,23.44078823,25.01423742,25.01423742,25.06050954,25.01423742,38.63,38.63,38.63,38.63,46.355,43.95801515,41.80901961,40.561,40.561,39.83530854,39.394,38.67962783,38.63,38.63,38.63,38.63,38.63,38.63,38.63,38.63,38.63,38.63,38.63
Episode 107,2,17.9915646,13.75149482,15.1915604,20,20,15.1915604,15.1915604,20,22.37315063,22.37315063,22.37315063,35.969,36.698,35.969,35.969,41.29,38.63,38.63,36.698,38.63,36.698,36.698,36.698,36.698,35.969,35.969,35.969,35.969,35.969,35.969,35.969,35.969,35.969,35.969,35.969
Episode 108,15.25720737,17.34997659,14.37425061,20.01207739,20.01207739,14.37425061,14.37425061,20.01207739,20.01207739,20.01207739,20.01207739,27.5037176,30.14979906,27.5037176,27.5037176,35.99489373,35.969,35.969,30.3023436,30.12381213,29.233,29.233,29.11868366,28.275,28.275,27.5037176,27.5037176,27.5037176,27.5037176,27.5037176,27.5037176,27.5037176,27.5037176,27.5037176,27.5037176,34.256
Episode 109,14.45995477,20,20.16585704,20.16585704,20,20,20.16585704,20.16585704,20.16585704,20.16585704,27.5037176,30.45484738,27.5037176,27.5037176,36.47421171,36.02330592,34.256,30.12381213,32.543,29.233,29.233,29.233,29.233,28.275,27.66244247,27.5037176,27.5037176,27.5037176,27.5037176,27.5037176,27.5037176,27.5037176,27.5037176,28.12599446,35.60965604,35.60965604
Episode 110,19.41747573,21.51827349,20.48411234,19.41747573,19.41747573,20.48411234,20.48411234,20.48411234,20.48411234,24.42695417,27.94387459,24.42695417,24.42695417,33.73128125,33.33205656,32.543,28.275,28.29837958,26.70905563,26.691,26.691,26.691,27.18777005,26.19422995,26.691,25.816,26.691,26.691,26.691,26.19422995,25.816,26.15055069,24.42695417,30.7858671,30.12381213,30.84536942
Episode 111,21.54097552,21.54097552,20,20,21.54097552,21.54097552,21.54097552,21.54097552,26.691,29.80300599,26.691,26.691,35.78606636,34.37518344,32.543,29.34352296,29.94446864,28.52153136,28.275,28.275,28.275,27.5037176,27.05660492,26.691,26.691,26.691,26.691,26.691,26.691,26.691,26.691,26.691,33.25951935,34.32129707,35.80377686,33.34370025
Episode 112,18.73280201,32.012,25.68344219,32.012,32.012,32.012,32.012,32.012,32.012,32.012,32.012,32.012,32.012,32.012,32.012,32.012,32.012,32.012,32.012,32.012,32.012,32.012,32.012,32.012,32.012,32.012,32.012,32.012,32.012,32.012,32.012,32.012,32.012,32.012,32.012,32.012
Episode 113,22.04976284,22.04976284,22.04976284,22.04976284,22.18505389,22.18505389,22.18505389,28.275,31.90102082,28.275,28.40252899,36.698,36.698,35.969,33.19207857,33.462085,32.543,30.11134163,30.11134163,29.31478203,29.233,28.275,28.275,28.275,28.275,28.275,28.275,28.275,28.275,28.275,28.275,37.02413646,37.02413646,35.969,34.256,28.275
Episode 114,22.45430209,22.45430209,22.45430209,22.45430209,22.45430209,22.45430209,24.6526931,28.72795037,24.6526931,25.21190005,34.16229226,32.543,29.59665858,29.17115677,28.275,27.5037176,26.691,26.691,27.21792421,26.66084584,26.19422995,26.691,25.816,27.566,26.691,26.691,26.19422995,25.816,26.14698029,24.6526931,30.64509665,29.233,28.28152373,28.28152373,24.6526931,28.26744833
Episode 115,22.81016521,22.81016521,26.691,26.691,26.691,26.691,30.06028075,26.691,30.37362828,35.80061737,35.33549697,32.543,32.543,30.12381213,28.34218787,27.86956716,27.94501936,27.86956716,27.5037176,26.691,26.691,26.691,26.691,26.691,26.691,26.691,26.691,26.691,26.691,32.543,32.543,30.89639898,29.67942846,26.691,29.233,29.233
Episode 116,26.61329555,29.233,29.233,29.233,29.233,36.698,32.543,35.969,37.79677593,39.359,35.969,35.969,34.256,32.543,31.88197485,30.57244397,30.11134163,29.233,29.233,29.233,29.233,29.233,29.233,29.233,29.233,29.233,29.233,29.233,39.279,39.394,38.5577751,35.76864559,29.233,38.64674737,35.76864559,29.233
Episode 117,27.5037176,27.5037176,27.5037176,27.5037176,35.61438681,29.39822326,34.256,36.698,36.698,35.969,34.256,32.96823222,30.94543259,29.233,29.233,29.233,29.233,28.275,28.275,27.5037176,27.5037176,27.5037176,27.5037176,27.5037176,27.5037176,28.275,28.275,35.39189255,35.39051236,33.91566094,32.39262294,27.5037176,32.39262294,32.39262294,27.5037176,27.5037176
Episode 118,24.8847423,24.8847423,27.64705961,34.47343696,27.49088176,32.543,36.698,36.26038391,34.256,32.543,30.12381213,29.233,29.11868366,28.275,28.275,27.66244247,27.34499274,27.18777005,26.19422995,26.691,26.691,26.691,26.5940118,26.19422995,27.28475825,25.923,32.543,32.543,30.85496673,30.85349527,24.8847423,30.85291591,30.85291591,24.8847423,24.8847423,24.8847423
Episode 119,25.816,32.543,36.698,33.48366676,36.698,38.63,38.79404978,35.99443346,35.969,34.256,32.543,30.11134163,30.11134163,29.233,29.233,28.275,28.275,26.73243521,27.5037176,27.5037176,27.5037176,27.5037176,27.5037176,28.2039589,28.275,35.969,35.969,34.256,32.84540035,25.816,32.84540035,32.84540035,25.816,25.816,25.816,25.816
Episode 120,33.01822483,46.05992617,39.90788987,39.90788987,45.07711013,49.08028052,40.561,40.561,39.394,38.63,38.63,38.63,37.79371206,37.78944678,36.698,36.698,35.969,36.698,36.14931906,36.25308917,36.14931906,36.25308917,36.698,39.394,48.47588746,48.47588746,48.47588746,48.47588746,34.1948891,48.47530591,46.88719984,33.01822483,33.01822483,33.01822483,33.01822483,33.01822483
Episode 121,47.0337035,35.969,38.95977121,49.96169185,51.2007813,44.424,40.561,40.561,39.394,38.63,38.63,38.63,38.63,37.79371202,36.698,36.698,36.698,36.698,36.698,36.698,36.698,36.698,36.698,36.698,36.698,36.698,36.698,34.256,36.698,35.969,34.256,34.256,34.256,34.256,34.256,40.09795265
Episode 122,34.52424672,36.90942132,52.18133197,54.25425662,55.27654398,46.29983006,44.424,40.561,40.561,40.561,40.561,38.63,38.63,38.63,36.698,36.698,36.698,36.698,36.698,36.698,37.79370907,37.79370982,38.63,38.63,38.63,38.63,32.543,36.698,35.969,32.543,32.543,32.543,32.543,32.543,32.543,32.543
Episode 123,36.62955456,19.51513681,36.62955456,36.62955456,36.62955456,35.34777312,35.00584978,36.62955456,36.62955456,36.62955456,36.62955456,36.62955456,36.62955456,36.62955456,36.62955456,36.62955456,36.62955456,36.62955456,36.62955456,36.62955456,36.62955456,36.62955456,36.62955456,36.62955456,36.62955456,36.62955456,36.62955456,36.62955456,36.62955456,36.62955456,36.62955456,36.62955456,36.62955456,36.62955456,36.62955456,36.62955456
Episode 124,58.04928372,62.83170287,40.561,41.37890529,41.37890529,37.81209471,36.96801713,36.96801713,36.92244848,36.698,36.698,36.698,36.698,36.698,36.698,36.698,36.698,36.79799581,36.79799581,36.71347234,36.698,36.698,36.698,36.698,37.40602831,35.969,36.698,36.698,35.969,35.969,35.969,35.969,34.1844824,34.1844824,34.1844824,65.43144665
Episode 125,57.50435896,59.74978832,44.424,40.561,38.63,38.63,38.63,38.10994693,36.96801713,36.96801713,36.698,36.698,36.698,36.698,36.698,36.698,36.698,36.698,36.698,36.698,36.698,38.63,38.63,39.394,35.934,36.698,36.698,34.256,34.256,34.256,34.256,34.256,34.256,34.256,58.75337973,58.75337973
Episode 126,79.04687261,74.29288296,44.76044287,41.81737455,41.81737455,41.81737455,41.81737455,41.81737455,41.81737455,41.81737455,42.52601467,41.81737455,41.81737455,41.81737455,41.81737455,41.81737455,41.81737455,41.81737455,41.81737455,41.81737455,41.81737455,41.81737455,41.81737455,42.61858466,41.81737455,41.81737455,42.275544,42.275544,42.275544,42.275544,41.81737455,41.81737455,41.81737455,42.275544,42.275544,42.275544
Episode 127,63.9661862,63.5256565,35.87540031,38.07369233,40.83407465,40.561,38.63,38.63,38.63,38.63,40.2545263,40.2545263,40.2545263,38.63,38.63,38.63,40.561,40.561,40.561,40.08293403,38.63,40.12595664,35.969,38.63,39.45259969,35.87540031,35.87540031,35.87540031,35.87540031,35.87540031,35.969,35.87540031,36.30852602,36.30852602,36.30852602,36.30852602
Episode 128,62.20147317,43.222,35.969,38.87734009,38.63,36.698,36.698,36.698,36.698,38.42787599,38.42787599,38.56888979,36.698,36.698,36.698,38.63,38.34849753,38.34849753,37.34330993,36.698,36.698,33.36331543,35.969,35.969,33.36331543,33.36331543,33.36331543,33.36331543,33.36331543,34.256,34.256,35.98364277,35.98364277,35.98364277,35.98364277,56.06035005
Episode 129,41.07645545,41.50505821,37.68594179,37.39292706,36.698,36.698,36.698,36.698,36.698,36.698,36.70479382,36.698,36.698,36.698,36.95074235,36.95074235,36.95074235,36.70262575,36.698,36.698,33.07540343,34.256,34.256,32.83968004,32.83968004,32.83968004,32.83968004,32.83968004,34.256,34.256,34.256,34.256,34.256,34.256,34.256,34.256
Episode 130,40.561,42.83203982,36.39455786,36.66240233,36.698,36.66240233,36.698,36.698,36.698,36.698,36.698,36.698,36.698,36.698,36.698,36.698,36.698,36.698,36.698,33.79204993,34.256,33.78510606,32.543,32.543,32.543,32.543,32.543,32.99804046,32.99804046,32.99804046,32.99804046,32.99804046,32.99804046,32.99804046,32.99804046,32.99804046
Episode 131,40.561,40.561,38.63,37.17063366,38.63,39.394,40.36964004,38.63,38.65038837,38.63,39.20545276,38.63,38.63,38.63,38.63,38.63,40.561,40.561,39.46328531,38.93373459,38.63,36.81679233,36.81679233,36.81679233,36.81679233,36.81679233,36.81679233,36.81679233,36.81679233,36.81679233,36.81679233,36.81679233,36.81679233,36.81679233,37.13178405,37.24717555
Episode 132,40.561,40.561,38.63,38.63,38.63,38.63,38.63,37.79370907,37.79370907,36.698,36.698,37.79370907,37.79370907,36.698,36.698,36.698,36.698,29.233,35.969,34.19484688,26.691,26.691,26.691,26.691,26.691,26.691,26.691,26.691,26.691,26.691,26.691,26.691,26.691,26.691,26.691,29.233
Episode 133,40.561,39.394,35.99478827,36.698,35.969,35.969,34.256,34.256,34.19484691,33.48366941,34.256,34.256,34.19484691,34.19484691,33.01357671,32.543,25.024,28.275,29.84325449,25.024,25.024,25.024,25.024,25.024,25.816,25.816,25.816,25.816,25.816,25.816,25.816,25.816,25.816,25.816,28.275,26.691
Episode 134,17.60673483,29.63,29.63,29.63,25.10683966,25.74400049,29.63,29.63,29.63,29.63,28.07610113,29.63,29.63,29.233,29.63,29.63,29.63,29.63,29.63,29.63,29.63,29.63,29.63,29.63,29.63,29.63,29.63,29.63,29.63,29.63,29.63,29.63,29.63,29.63,29.63,30.34952177
Episode 135,39.394,38.63,36.698,36.698,36.698,36.698,35.969,35.969,35.969,35.969,35.969,35.44504466,35.43712859,34.256,34.19484691,25.816,30.11134163,28.43765837,25.816,25.816,25.816,25.816,25.816,25.816,25.816,25.84269729,25.84269729,25.816,25.84269729,25.83314776,25.816,25.816,25.816,28.275,27.5037176,26.691
Episode 136,38.63,41.072,34.256,33.53514864,30.57244397,30.11134163,28.35465837,28.275,29.07903681,29.00315006,28.97072599,29.6756408,29.11868366,30.01964644,22.56813436,28.6890129,28.71495232,22.56813436,22.56813436,22.56813436,22.56813436,22.56813436,23.4132577,23.4132577,24.8847423,24.8847423,23.4132577,24.149,24.149,24.149,23.4132577,23.4132577,28.69363476,25.81895655,27.4267423,23.4132577
Episode 137,38.63,39.394,35.934,34.256,32.543,30.57244397,30.11135378,30.11135378,30.46694087,30.12381213,30.12381213,29.79594813,30.733,23.358,27.89396234,29.88303766,23.358,23.358,23.358,23.358,23.358,24.149,24.149,25.463,24.8847423,24.149,24.8847423,24.8847423,24.8847423,24.149,24.149,29.15,25.95955475,26.9612153,24.149,26.19422995
Episode 138,30,30,30,26.691,27.60992227,30,30,30,30,29.95678658,30,30,30,30,30,30,30,30,30,30,30,30,30,30,30,30,30,30,30,30,30,30,30,30,30.12413459,30
Episode 139,28.842,28.842,21.40654302,24.28288951,27.93056747,28.842,28.64125237,28.842,26.88956373,28.842,28.842,28.842,28.842,28.842,28.842,28.842,28.842,28.842,28.842,28.842,28.842,28.842,28.842,28.842,28.842,28.842,28.842,28.842,28.842,28.842,28.842,28.842,28.842,30.33918347,28.842,28.842
Episode 140,30,17.5554186,22.92616671,27.35128372,30,30,30,28.36974042,30,30,30,30,30,30,30,30,30,30,30,30,30,30,30,30,30,30,30,30,30,30,30,30,30,30,30,30
Episode 141,36.44096064,37.57118084,44.935,44.935,44.935,44.935,44.935,44.935,44.935,44.935,44.935,44.935,44.935,44.935,44.1651803,44.935,36.11938124,35.62689063,43.56410937,44.935,40.561,44.935,34.42244407,44.935,44.935,34.256,39.394,95.73199906,40.57494494,38.61605506,38.61605506,38.63,38.63,38.45454515,37.55398341,47.76296072
Episode 142,36.698,38.63,40.561,40.561,40.561,40.14656717,40.561,40.561,40.561,40.561,40.561,40.561,40.561,40.561,35.59116726,32.543,27.59865835,37.7016433,40.561,35.73245057,40.561,28.11176038,40.561,38.91407041,31.35238049,31.44740743,59.51328711,34.256,34.36385456,34.19564195,39.394,37.76602851,37.76602851,34.74078648,41.25979208,96.77677324
Episode 143,36.44096064,37.53345219,41.91458716,40.561,39.394,38.63,38.63,38.63,38.70038109,36.62761891,38.2099976,38.1119974,38.41887314,36.33932724,34.256,21.28668873,32.15631127,41.91458716,35.30235986,41.91458716,41.91458716,41.91458716,39.06366708,29.985086,34.256,53.62777774,35.969,34.256,31.814,36.698,35.27963802,35.27963802,34.256,38.39169858,53.62777774,53.62777774
Episode 144,35.16013751,35.99447252,44.73438996,40.561,38.63,35.969,41.55482958,41.54063809,40.26585584,40.561,40.561,40.74543637,37.14281268,34.256,27.70215877,34.45661004,44.73438996,34.74810031,44.73438996,44.73438996,44.73438996,38.77914279,32.543,35.94943831,52.082736,35.969,35.969,31.67253109,38.82248271,38.00130063,36.698,34.78077808,39.07216129,56.59052523,56.59052523,56.59052523
Episode 145,35.61412137,39.71387863,40.561,38.63,35.969,41.29,41.44904413,40.26585584,40.561,40.561,40.79118313,37.20802379,35.43194209,28.275,38.66524438,43.54796756,35.52354114,43.54796756,43.54796756,43.54796756,39.04545205,33.09145611,38.50815673,43.54796756,35.969,36.698,33.61239564,38.63,36.698,35.531,35.38446107,37.83133045,43.54796756,43.54796756,43.54796756,43.54796756
Episode 146,35.87241084,39.45558916,38.63,38.63,36.698,37.03217511,34.256,37.98649208,38.39279227,38.00507939,36.698,33.13739406,23.0815283,27.57513709,41.4641837,35.969,41.4641837,41.4641837,41.4641837,39.07585962,31.0536152,35.969,41.4641837,36.94567849,35.969,30.26143337,36.698,35.969,34.256,31.86269543,33.8638163,41.4641837,41.4641837,41.4641837,41.4641837,41.4641837
Episode 147,36.698,36.698,36.698,36.698,36.698,28.275,28.11583945,28.69063887,29.63707104,28.87740815,24.3438683,20.80891018,24.3438683,36.698,32.44033755,36.698,36.698,36.698,31.814,26.48951779,34.1283518,36.698,32.94267838,30.70792726,30.70792726,30.62490596,30.80932815,30.98039947,30.70792726,32.54136714,36.698,36.698,36.698,36.698,36.698,36.698
Episode 148,0,0,0,2.003315033,0,0,0,0,0,0,0,0,0,0,0,0,0,0,14.30699796,20.78230559,20.4760342,21.88696882,24.79316782,25.334,25.816,25.334,25.334,25.42,31.23532284,26.334,25.334,20.70108665,12.32366952,14.00183328,19.13218079,19.13218079
Episode 149,0,0,0,0,0,0,13.17831527,13.17831527,13.17831527,0,0,13.17831527,0,0,10.60911,0,24.60381065,13.85598232,2,2,14.07631775,14.41848721,20,24.60381065,24.60381065,24.60381065,24.60381065,24.60381065,24.60381065,24.60381065,21.70597741,23.73059065,23.358,23.09649672,24.60381065,22.37369263
Episode 150,0,0,0,0,0,0,0,0,0,0,0,0,0,0,0,0,0,0,0,0,0,0,0,0,0,0,0,0,0,0,0,0,0,0,0,0
Episode 151,0,0,0,0,0,0,0,0,0,0,0,0,0,0,0,0,0,0,0,0,0,0,0,0,0,0,0,0,0,0,0,0,0,0,0,0
Episode 152,0,0,0,0,0,0,0,0,0,0,0,0,0,0,0,0,0,0,0,0,0,0,0,0,0,0,0,0,0,0,0,0,0,0,0,0
Episode 153,0,0,0,0,0,0,0,0,0,0,0,0,0,0,0,0,0,0,0,0,0,0,0,0,0,0,0,0,0,0,0,0,0,0,0,0
Episode 154,0,0,0,0,0,0,0,0,0,0,0,0,0,0,0,0,0,0,0,0,0,0,0,0,0,0,0,0,0,0,0,0,0,0,0,0
Episode 155,0,0,0,0,0,0,0,0,0,0,0,0,0,0,0,0,0,0,0,0,0,0,0,0,0,0,0,0,0,0,0,0,0,0,0,0
Episode 156,0,0,0,0,0,0,0,0,0,0,0,0,0,0,0,0,0,0,0,0,0,0,0,0,0,0,0,0,0,0,0,0,0,0,0,0
Episode 157,0,0,0,0,0,0,0,0,0,0,0,0,0,0,0,0,0,0,0,0,0,0,0,0,0,0,0,0,0,0,0,0,0,0,0,0
Episode 158,0,0,0,0,0,0,0,0,0,0,0,0,0,0,0,0,0,0,0,0,0,0,0,0,0,0,0,0,0,0,0,0,0,0,0,0
Episode 159,0,0,0,0,0,0,0,0,0,0,0,0,0,0,0,0,0,0,0,0,0,0,0,0,0,0,0,0,0,0,0,0,0,0,0,0
Episode 160,0,0,0,0,0,0.803042925,0.892433191,0.032411357,0,0,0.88998343,0,0,0.032404853,0,0,0,0,0,0,0,0,0,0,0.173454193,0,0,0.169099057,0.169098849,3.487542278,3.487542278,3.487542278,3.487542278,0.169098849,3.487542278,3.487542278
Episode 161,0,0,0,0,0,0,0,0,0,0,0,0,0,0,0,0,0,0,0,0,0,0,0,0,0,0,0,0,0,0,0,0,0,0,0,0
Episode 162,0,0,0,0,0,0,0,0,0,0,0,0,0,0,0,0,0,0,0,0,0,0,0,0,0,0,0,0,0,0,0,0,0,0,0,0
Episode 163,0,0,0,0,0,0,0,0,0,0,0,0,0,0,0,0,0,0,0,0,0,0,0,0,0,0,0,0,0,0,0,0,0,0,0,0
Episode 164,0,0,0,0,0,0,0,0,0,0,0,0,0,0,0,0,0,0,0,0,0,0,0,0,0,0,0,0,0,0,0,0,0,0,0,0
Episode 165,0,0,0,0,0,0,0,0,0,0,0,0,0,0,0,0,0,0,0,0,0,0,0,0,0,0,0,0,0,0,0,0,0,0,0,0
Episode 166,0,0,0,0,0,0,0,0,0,0,0,0,0,0,0,0,0,0,0,0,0,0,0,0,0,0,0,0,0,0,0,0,0,0,0,0
Episode 167,0,0,0,0,0,0,0,0,0,0,0,0,0,0,0,0,0,0,0,0,0,0,0,0,0,0,0,0,0,0,0,0,0,0,0,0
Episode 168,0,0,0,0,0,0,0,0,0,0,0,0,0,0,0,0,0,0,0,0,0,0,0,0,0,0,0,0,0,0,0,0,0,0,0,0
Episode 169,0,0,0,0,0,0,0,0,0,0,0,0,0,0,0,0,0,0,0,0,0,0,0,0,0,0,0,0,0,0,0,0,0,0,0,0
Episode 170,0,0,0,0,0,0,0,0,0,0,0,0,0,0,0,0,0,0,0,0,0,0,0,0,0,0,0,0,0,0,0,0,0,0,0,0
Episode 171,0,0,0,0,0.845308342,1.12923795,0.124723039,0,0,0.889359165,0,0,0.124723039,0,0,0,0,0,0,0,0,0.456576307,0,0.64874959,0.469597496,0.469597496,0.649871657,0.649871657,3.583816913,3.583816913,3.583816913,3.583816913,0.649871657,3.583816913,3.583816913,3.583816913
Episode 172,0,0,0,0,0,0,0,0,0,0,0,0,0,0,0,0,0,0,0,0,0,0,0,0,0,0,0,0,0,0,0,0,0,0,0,0
Episode 173,0,0,0,0,0,0,0,0,0,0,0,0,0,0,0,0,0,0,0,0,0,0,0,0,0,0,0,0,0,0,0,0,0,0,0,0
Episode 174,0,0,0,0,0,0,0,0,0,0,0,0,0,0,0,0,0,0,0,0,0,0,0,0,0,0,0,0,0,0,0,0,0,0,0,0
Episode 175,0,0,0,0,0,0,0,0,0,0,0,0,0,0,0,0,0,0,0,0,0,0,0,0,0,0,0,0,0,0,0,0,0,0,0,0
Episode 176,0,0,0,0,0,0,0,0,0,0,0,0,0,0,0,0,0,0,0,0,0,0,0,0,0,0,0,0,0,0,0,0,0,0,0,0
Episode 177,0,0,0,0,0,0,0,0,0,0,0,0,0,0,0,0,0,0,0,0,0,0,0,0,0,0,0,0,0,0,0,0,0,0,0,0
Episode 178,0,0,0,0,0,0,0,0,0,0,0,0,0,0,0,0,0,0,0,0,0,0,0,0,0,0,0,0,0,0,0,0,0,0,0,0
Episode 179,0,0,0,0,0,0,0,0,0,0,0,0,0,0,0,0,0,0,0,0,0,0,0,0,0,0,0,0,0,0,0,0,0,0,0,0
Episode 180,0,0,0,0,0,0,0,0,0,0,0,0,0,0,0,0,0,0,0,0,0,0,0,0,0,0,0,0,0,0,0,0,0,0,0,0
Episode 181,0,0,0,0,0,0,0,0,0,0,0,0,0,0,0,0,0,0,0,0,0,0,0,0,0,0,0,0,0,0,0,0,0,0,0,0
Episode 182,0,0,0,7.877417061,10.50666855,7.877417061,0,0,7.877417061,0,0,4.837899257,0,10.50666855,7.202910696,0,0,7.202910696,7.202910696,3.84187375,10.50666855,10.50666855,10.50666855,10.50666855,10.50666855,10.50666855,10.50666855,10.50666855,10.50666855,10.50666855,10.50666855,10.50666855,10.50666855,10.50666855,10.50666855,10.50666855
Episode 183,0,0,0,0,0,0,0,0,0,0,0,0,0,0,0,0,0,0,0,0,0,0,0,0,0,0,0,0,0,0,0,0,0,0,0,0
Episode 184,0,0,0,0,0,0,0,0,0,0,0,0,0,0,0,0,0,0,0,0,0,0,0,0,0,0,0,0,0,0,0,0,0,0,0,0
Episode 185,0,0,0,0,0,0,0,0,0,0,0,0,0,0,0,0,0,0,0,0,0,0,0,0,0,0,0,0,0,0,0,0,0,0,0,0
Episode 186,0,0,0,0,0,0,0,0,0,0,0,0,0,0,0,0,0,0,0,0,0,0,0,0,0,0,0,0,0,0,0,0,0,0,0,0
Episode 187,0,0,0,0,0,0,0,0,0,0,0,0,0,0,0,0,0,0,0,0,0,0,0,0,0,0,0,0,0,0,0,0,0,0,0,0
Episode 188,0,0,0,0,0,0,0,0,0,0,0,0,0,0,0,0,0,0,0,0,0,0,0,0,0,0,0,0,0,0,0,0,0,0,0,0
Episode 189,0,0,0,0,0,0,0,0,0,0,0,0,0,0,0,0,0,0,0,0,0,0,0,0,0,0,0,0,0,0,0,0,0,0,0,0
Episode 190,0,0,0,0,0,0,0,0,0,0,0,0,0,0,0,0,0,0,0,0,0,0,0,0,0,0,0,0,0,0,0,0,0,0,0,0
Episode 191,0,0,0,0,0,0,0,0,0,0,0,0,0,0,0,0,0,0,0,0,0,0,0,0,0,0,0,0,0,0,0,0,0,0,0,0
Episode 192,0,0,0,0,0,0,0,0,0,0,0,0,0,0,0,0,0,0,0,0,0,0,0,0,0,0,0,0,0,0,0,0,0,0,0,0
Episode 193,0,0,13.17831527,13.17831527,13.17831527,0,0,13.17831527,0,0,10.60911,0,15.76286626,11.85365522,2,2,11.99737171,13.94529249,15.76286626,15.76286626,15.76286626,15.76286626,15.76286626,15.76286626,15.76286626,15.76286626,15.76286626,15.76286626,15.76286626,15.76286626,15.76286626,15.76286626,15.76286626,15.76286626,15.76286626,15.76286626
Episode 194,0,0,0,0,0,0,0,0,0,0,0,0,0,0,0,0,0,0,0,0,0,0,0,0,0,0,0,0,0,0,0,0,0,0,0,0
Episode 195,0,0,0,0,0,0,0,0,0,0,0,0,0,0,0,0,0,0,0,0,0,0,0,0,0,0,0,0,0,0,0,0,0,0,0,0
Episode 196,0,0,0,0,0,0,0,0,0,0,0,0,0,0,0,0,0,0,0,0,0,0,0,0,0,0,0,0,0,0,0,0,0,0,0,0
Episode 197,0,0,0,0,0,0,0,0,0,0,0,0,0,0,0,0,0,0,0,0,0,0,0,0,0,0,0,0,0,0,0,0,0,0,0,0
Episode 198,0,0,0,0,0,0,0,0,0,0,0,0,0,0,0,0,0,0,0,0,0,0,0,0,0,0,0,0,0,0,0,0,0,0,0,0
Episode 199,0,0,0,0,0,0,0,0,0,0,0,0,0,0,0,0,0,0,0,0,0,0,0,0,0,0,0,0,0,0,0,0,0,0,0,0
Episode 200,0,0,0,0,0,0,0,0,0,0,0,0,0,0,0,0,0,0,0,0,0,0,0,0,0,0,0,0,0,0,0,0,0,0,0,0
Episode 201,0,0,0,0,0,0,0,0,0,0,0,0,0,0,0,0,0,0,0,0,0,0,0,0,0,0,0,0,0,0,0,0,0,0,0,0
Episode 202,0,0,0,0,0,0,0,0,0,0,0,0,0,0,0,0,0,0,0,0,0,0,0,0,0,0,0,0,0,0,0,0,0,0,0,0
Episode 203,0,0,0,0,0,0,0,0,0,0,0,0,0,0,0,0,0,0,0,0,0,0,0,0,0,0,0,0,0,0,0,0,0,0,0,0
Episode 204,0,13.17831527,24.149,23.358,11.816157,0,14.18493923,8.19263753,24.149,13.17831527,24.149,24.149,18.70616116,20,20,18.7936296,18.7936296,20,24.149,24.149,24.149,24.149,24.149,24.149,24.149,24.149,24.149,24.149,24.149,24.149,24.149,24.149,24.149,24.149,24.149,24.149
Episode 205,0,0,0,0,0,0,0,0,0,0,0,0,0,0,0,0,0,0,0,0,0,0,0,0,0,0,0,0,0,0,0,0,0,0,0,0
Episode 206,0,0,0,0,0,0,0,0,0,0,0,0,0,0,0,0,0,0,0,0,0,0,0,0,0,0,0,0,0,0,0,0,0,0,0,0
Episode 207,0,0,0,0,0,0,0,0,0,0,0,0,0,0,0,0,0,0,0,0,0,0,0,0,0,0,0,0,0,0,0,0,0,0,0,0
Episode 208,0,0,0,0,0,0,0,0,0,0,0,0,0,0,0,0,0,0,0,0,0,0,0,0,0,0,0,0,0,0,0,0,0,0,0,0
Episode 209,0,0,0,0,0,0,0,0,0,0,0,0,0,0,0,0,0,0,0,0,0,0,0,0,0,0,0,0,0,0,0,0,0,0,0,0
Episode 210,0,0,0,0,0,0,0,0,0,0,0,0,0,0,0,0,0,0,0,0,0,0,0,0,0,0,0,0,0,0,0,0,0,0,0,0
Episode 211,0,0,0,0,0,0,0,0,0,0,0,0,0,0,0,0,0,0,0,0,0,0,0,0,0,0,0,0,0,0,0,0,0,0,0,0
Episode 212,0,0,0,0,0,0,0,0,0,0,0,0,0,0,0,0,0,0,0,0,0,0,0,0,0,0,0,0,0,0,0,0,0,0,0,0
Episode 213,0,0,0,0,0,0,0,0,0,0,0,0,0,0,0,0,0,0,0,0,0,0,0,0,0,0,0,0,0,0,0,0,0,0,0,0
Episode 214,0,0,0,0,0,0,0,0,0,0,0,0,0,0,0,0,0,0,0,0,0,0,0,0,0,0,0,0,0,0,0,0,0,0,0,0
Episode 215,13.17831527,23.358,22.37515906,13.40918225,0,14.75151,11.76439318,24.42179584,13.32535844,24.42179584,24.42179584,19.78659964,20,20,19.87053812,19.87053812,20.19226921,24.42179584,24.42179584,24.42179584,24.42179584,24.42179584,24.42179584,24.42179584,24.42179584,24.42179584,24.42179584,24.42179584,24.42179584,24.42179584,24.42179584,24.42179584,24.42179584,24.42179584,24.42179584,24.42179584
Episode 216,0,0,0,0,0,0,0,0,0,0,0,0,0,0,0,0,0,0,0,0,0,0,0,0,0,0,0,0,0,0,0,0,0,0,0,0
Episode 217,0,0,0,0,0,0,0,0,0,0,0,0,0,0,0,0,0,0,0,0,0,0,0,0,0,0,0,0,0,0,0,0,0,0,0,0
Episode 218,0,0,0,0,0,0,0,0,0,0,0,0,0,0,0,0,0,0,0,0,0,0,0,0,0,0,0,0,0,0,0,0,0,0,0,0
Episode 219,0,0,0,0,0,0,0,0,0,0,0,0,0,0,0,0,0,0,0,0,0,0,0,0,0,0,0,0,0,0,0,0,0,0,0,0
Episode 220,0,0,0,0,0,0,0,0,0,0,0,0,0,0,0,0,0,0,0,0,0,0,0,0,0,0,0,0,0,0,0,0,0,0,0,0
Episode 221,0,0,0,0,0,0,0,0,0,0,0,0,0,0,0,0,0,0,0,0,0,0,0,0,0,0,0,0,0,0,0,0,0,0,0,0
Episode 222,0,0,0,0,0,0,0,0,0,0,0,0,0,0,0,0,0,0,0,0,0,0,0,0,0,0,0,0,0,0,0,0,0,0,0,0
Episode 223,0,0,0,0,0,0,0,0,0,0,0,0,0,0,0,0,0,0,0,0,0,0,0,0,0,0,0,0,0,0,0,0,0,0,0,0
Episode 224,0,0,0,0,0,0,0,0,0,0,0,0,0,0,0,0,0,0,0,0,0,0,0,0,0,0,0,0,0,0,0,0,0,0,0,0
Episode 225,0,0,0,0,0,0,0,0,0,0,0,0,0,0,0,0,0,0,0,0,0,0,0,0,0,0,0,0,0,0,0,0,0,0,0,0
Episode 226,20,13.17831527,0,0,14.51076809,8.19263753,24.149,13.17831527,24.149,24.149,19.3275099,20,20,19.36910755,19.36910755,20,24.149,24.149,24.149,24.149,24.149,24.149,24.149,24.149,24.149,24.149,24.149,24.149,24.149,24.149,24.149,24.149,24.149,24.149,24.149,24.149
Episode 227,0,0,0,0,0,0,0,0,0,0,0,0,0,0,0,0,0,0,0,0,0,0,0,0,0,0,0,0,0,0,0,0,0,0,0,0
Episode 228,0,0,0,0,0,0,0,0,0,0,0,0,0,0,0,0,0,0,0,0,0,0,0,0,0,0,0,0,0,0,0,0,0,0,0,0
Episode 229,0,0,0,0,0,0,0,0,0,0,0,0,0,0,0,0,0,0,0,0,0,0,0,0,0,0,0,0,0,0,0,0,0,0,0,0
Episode 230,0,0,0,0,0,0,0,0,0,0,0,0,0,0,0,0,0,0,0,0,0,0,0,0,0,0,0,0,0,0,0,0,0,0,0,0
Episode 231,0,0,0,0,0,0,0,0,0,0,0,0,0,0,0,0,0,0,0,0,0,0,0,0,0,0,0,0,0,0,0,0,0,0,0,0
Episode 232,0,0,0,0,0,0,0,0,0,0,0,0,0,0,0,0,0,0,0,0,0,0,0,0,0,0,0,0,0,0,0,0,0,0,0,0
Episode 233,0,0,0,0,0,0,0,0,0,0,0,0,0,0,0,0,0,0,0,0,0,0,0,0,0,0,0,0,0,0,0,0,0,0,0,0
Episode 234,0,0,0,0,0,0,0,0,0,0,0,0,0,0,0,0,0,0,0,0,0,0,0,0,0,0,0,0,0,0,0,0,0,0,0,0
Episode 235,0,0,0,0,0,0,0,0,0,0,0,0,0,0,0,0,0,0,0,0,0,0,0,0,0,0,0,0,0,0,0,0,0,0,0,0
Episode 236,0,0,0,0,0,0,0,0,0,0,0,0,0,0,0,0,0,0,0,0,0,0,0,0,0,0,0,0,0,0,0,0,0,0,0,0
Episode 237,13.17511345,0,0,16.3576472,16.04766935,25.42,20,25.42,25.42,20.65026499,20.65026499,20.65026499,22.7664728,22.7664728,22.83243331,25.42,25.42,25.42,25.42,25.42,25.42,25.42,25.42,25.42,25.42,25.42,25.42,25.42,25.42,25.42,25.42,25.42,25.42,25.42,25.42,25.42
Episode 238,0,0,0,0,0,0,0,0,0,0,0,0,0,0,0,0,0,0,0,0,0,0,0,0,0,0,0,0,0,0,0,0,0,0,0,0
Episode 239,0,0,0,0,0,0,0,0,0,0,0,0,0,0,0,0,0,0,0,0,0,0,0,0,0,0,0,0,0,0,0,0,0,0,0,0
Episode 240,0,0,0,0,0,0,0,0,0,0,0,0,0,0,0,0,0,0,0,0,0,0,0,0,0,0,0,0,0,0,0,0,0,0,0,0
Episode 241,0,0,0,0,0,0,0,0,0,0,0,0,0,0,0,0,0,0,0,0,0,0,0,0,0,0,0,0,0,0,0,0,0,0,0,0
Episode 242,0,0,0,0,0,0,0,0,0,0,0,0,0,0,0,0,0,0,0,0,0,0,0,0,0,0,0,0,0,0,0,0,0,0,0,0
Episode 243,0,0,0,0,0,0,0,0,0,0,0,0,0,0,0,0,0,0,0,0,0,0,0,0,0,0,0,0,0,0,0,0,0,0,0,0
Episode 244,0,0,0,0,0,0,0,0,0,0,0,0,0,0,0,0,0,0,0,0,0,0,0,0,0,0,0,0,0,0,0,0,0,0,0,0
Episode 245,0,0,0,0,0,0,0,0,0,0,0,0,0,0,0,0,0,0,0,0,0,0,0,0,0,0,0,0,0,0,0,0,0,0,0,0
Episode 246,0,0,0,0,0,0,0,0,0,0,0,0,0,0,0,0,0,0,0,0,0,0,0,0,0,0,0,0,0,0,0,0,0,0,0,0
Episode 247,0,0,0,0,0,0,0,0,0,0,0,0,0,0,0,0,0,0,0,0,0,0,0,0,0,0,0,0,0,0,0,0,0,0,0,0
Episode 248,0,10.60911,15.94880683,19.6215089,30.34873835,24.15747017,25.25395533,30.34873835,22.74278208,23.16786208,21.18338796,26.99442889,27.71175144,29.03180403,30.34873835,30.34873835,30.34873835,30.34873835,30.34873835,30.34873835,30.34873835,30.34873835,30.34873835,30.34873835,30.34873835,30.34873835,30.34873835,30.34873835,30.34873835,30.34873835,30.34873835,30.34873835,30.34873835,30.34873835,30.34873835,30.34873835
Episode 249,0,0,0,0,0,0,0,0,0,0,0,0,0,0,0,0,0,0,0,0,0,0,0,0,0,0,0,0,0,0,0,0,0,0,0,0
Episode 250,0,0,0,0,0,0,0,0,0,0,0,0,0,0,0,0,0,0,0,0,0,0,0,0,0,0,0,0,0,0,0,0,0,0,0,0
Episode 251,0,0,0,0,0,0,0,0,0,0,0,0,0,0,0,0,0,0,0,0,0,0,0,0,0,0,0,0,0,0,0,0,0,0,0,0
Episode 252,0,0,0,0,0,0,0,0,0,0,0,0,0,0,0,0,0,0,0,0,0,0,0,0,0,0,0,0,0,0,0,0,0,0,0,0
Episode 253,0,0,0,0,0,0,0,0,0,0,0,0,0,0,0,0,0,0,0,0,0,0,0,0,0,0,0,0,0,0,0,0,0,0,0,0
Episode 254,0,0,0,0,0,0,0,0,0,0,0,0,0,0,0,0,0,0,0,0,0,0,0,0,0,0,0,0,0,0,0,0,0,0,0,0
Episode 255,0,0,0,0,0,0,0,0,0,0,0,0,0,0,0,0,0,0,0,0,0,0,0,0,0,0,0,0,0,0,0,0,0,0,0,0
Episode 256,0,0,0,0,0,0,0,0,0,0,0,0,0,0,0,0,0,0,0,0,0,0,0,0,0,0,0,0,0,0,0,0,0,0,0,0
Episode 257,0,0,0,0,0,0,0,0,0,0,0,0,0,0,0,0,0,0,0,0,0,0,0,0,0,0,0,0,0,0,0,0,0,0,0,0
Episode 258,0,0,0,0,0,0,0,0,0,0,0,0,0,0,0,0,0,0,0,0,0,0,0,0,0,0,0,0,0,0,0,0,0,0,0,0
Episode 259,8.066528717,13.17831527,2.669614846,24.149,13.17831527,24.149,24.149,19.29925029,20,20,19.46379679,19.46379679,21.776,24.149,24.149,24.149,24.149,24.149,24.149,24.149,24.149,24.149,24.149,24.149,24.149,24.149,24.149,24.149,24.149,24.149,24.149,24.149,24.149,24.149,24.149,24.149
Episode 260,0,0,0,0,0,0,0,0,0,0,0,0,0,0,0,0,0,0,0,0,0,0,0,0,0,0,0,0,0,0,0,0,0,0,15.38436505,25.76010244
Episode 261,0,0,0,0,0,0,0,0,0,0,0,0,0,0,0,0,0,0,0,0,0,0,0,0,0,0,0,0,0,0,0,0,0,1.329415973,17.9915646,25.76010244
Episode 262,0,0,0,0,0,0,0,0,0,0,0,0,0,0,0,0,0,0,0,0,0,0,0,0,0,0,0,0,0,0,0,0,0,1.691447984,17.94313229,26.57642759
Episode 263,0,0,0,0,0,0,0,0,0,0,0,0,0,0,0,0,0,0,0,0,0,0,0,0,0,0,0,0,0,0,0,0,0,0,1.42801345,19.88705269
Episode 264,0,0,0,0,0,0,0,0,0,0,0,0,0,0,0,0,0,0,0,0,0,0,0,0,0,0,0,0,0,0,0,0,0,1.848361984,24.06210316,25.08637815
Episode 265,0,0,0,0,0,0,0,0,0,0,0,0,0,0,0,0,0,0,0,0,0,0,0,0,0,0,0,0,0,0,0,0,0,9.632041956,10.25672104,20.25774744
Episode 266,0,0,0,0,0,0,0,0,0,0,0,0,0,0,0,0,0,0,0,0,0,0,0,0,0,0,0,0,0,0,0,2.111678909,26.2144483,26.2144483,36.34147469,19.88705269
Episode 267,0,0,0,0,0,0,0,0,0,0,0,0,0,0,0,0,0,0,0,0,0,0,0,0,0,0,1.496551847,17.48450424,21.36598791,21.8415853,42.95785644,87.39683816,200,200,87.39700221,33.70179339
Episode 268,0,0,0,0,0,0,0,0,0,0,0,0,0,0,0,0,0,0,0,0,0,0,0,0,0,1.860510195,19.44715195,21.57181923,22.61093089,25.70636216,31.77416865,42.3655582,42.3655582,35.30925214,28.05869052,55.30914804
Episode 269,0,0,0,0,0,0,0,0,0,0,0,0,0,0,0,0,0,0,0,0,0,0,0,0,0,0,13.18821414,18.93755535,20,25.51855226,35.53262455,36.698,23.24011209,17.9915646,30.72759894,100
Episode 270,13.17511345,0,0,13.17831527,20,24.149,16.83061232,23.28827041,21.17571269,17.01940261,17.01940261,21.776,24.149,24.149,24.149,24.149,24.149,24.149,24.149,24.149,24.149,24.149,24.149,24.149,24.149,24.149,24.149,24.149,24.149,24.149,24.149,24.149,24.149,24.149,24.149,24.149
Episode 271,0,0,0,0,0,0,0,0,0,0,0,0,0,0,0,0,0,0,0,0,0,0,0,0,0,0,0,0,0,0,0,0,0,0,2,28.60707558
Episode 272,0,0,0,0,0,0,0,0,0,0,0,0,0,0,0,0,0,0,0,0,0,0,0,0,0,0,0,0,0,0,0,0,0,0,13.87214741,13.87214741
Episode 273,0,0,0,0,0,0,0,0,0,0,0,0,0,0,0,0,0,0,0,0,0,0,0,0,0,0,0,0,0,0,0,0,2,24.2663052,24.42773093,24.42773093
Episode 274,0,0,0,0,0,0,0,0,0,0,0,0,0,0,0,0,0,0,0,0,0,0,0,0,0,0,0,0,0,0,0,35.969,35.969,35.969,35.969,36.57869063
Episode 275,0,0,0,0,0,0,0,0,0,0,0,0,0,0,0,0,0,0,0,0,0,0,0,0,0,0,1.580876464,0,0,11.660038,54.250071,54.250071,54.250071,54.250071,54.250071,54.250071
Episode 276,0,0,0,0,0,0,0,0,0,0,0,0,0,0,0,0,0,0,0,0,0,0,0,0,0,0,0,0,0,34.256,34.256,34.256,34.256,35.969,35.969,42.04577882
Episode 277,0,0,0,0,0,0,0,0,0,0,0,0,0,0,0,0,0,0,0,0,0,0,0,0,0,0,0,0,0,0,0,0,0,0,0,3.356211034
Episode 278,0,0,10.28375086,0,24.149,14.19146397,23.358,23.358,14.41473602,14.41473602,20,24.149,24.149,24.149,24.149,24.149,24.149,24.149,24.149,24.149,24.149,24.149,24.149,24.149,24.149,24.149,24.149,24.149,24.149,24.149,24.149,24.149,24.149,24.149,24.149,24.149
Episode 279,0,0,0,0,0,0,0,0,0,0,0,0,0,0,0,0,0,5.67494346,5.67494346,5.67494346,5.67494346,0,5.67565333,5.67565333,5.67565333,5.67565333,5.67565333,0,0,0,0,0,0,0,0,13.08893245
Episode 280,0,0,0,0,0,0,0,0,0,0,0,0,0,0,0,0,3.488108347,3.555452692,3.488108347,3.488108347,0,3.483084693,3.481561471,3.481561471,3.481561471,3.481561471,0,0,0,0,0,0,0,0,5.67565333,5.67565333
Episode 281,0,4.693771935,3.938716094,0,0,4.038683372,4.038683372,5.124537547,13.17511345,13.17511345,13.17511345,13.17511345,13.17511345,13.17511345,13.17511345,13.17511345,13.17511345,13.17511345,13.17511345,13.17511345,13.17511345,13.17511345,13.17511345,13.17511345,13.17831527,13.17511345,13.17511345,13.17511345,13.17511345,13.17511345,13.17511345,13.17511345,13.17511345,13.17831527,13.17831527,13.17831527
Episode 282,13.17831527,3.94553227,2.266399151,10.1714609,6.191859546,6.191859546,10.57608112,13.17831527,13.17831527,13.17831527,13.17831527,13.17831527,13.17831527,13.17831527,13.17831527,13.17831527,13.17831527,13.17831527,13.17831527,13.17831527,13.17831527,13.17831527,13.17831527,13.17831527,13.17831527,13.17831527,13.17831527,13.17831527,13.17831527,13.17831527,13.17831527,13.17831527,13.17831527,13.17831527,13.17831527,13.17831527
Episode 283,0,0,0,0,0,0,0,0,0,0,0,0,0,1.174204116,1.182383979,1.182383979,1.182383979,0,1.174204116,1.174204116,1.174204116,1.174204116,1.174204116,0,0,0,0,0,0,0,0,1.120874372,1.120874372,1.120874372,1.120874372,1.120874372
Episode 284,0,0,0,0,0,0,0,0,0,0,0,0,0,0,0,0,0,0,0,0,0,0,0,0,0,0,0,0,0,0,0,0,0,0,0,0
Episode 285,0,0,0,0,0,0,0,0,0,0,0,0.886874702,0.886874702,0.886874702,0.886874702,0,0.886827987,0.886827987,0.886827987,0.886827987,0.886827987,0,0,0,0,0,0,0,0,0.886718286,0.886718286,0.886718286,0.886718286,0.886718286,0.886703461,0.886703461
Episode 286,24.81369634,13.17831527,0,13.17831527,13.17831527,12.26905756,13.17831527,16.3736237,0,0,0,0,21.59123409,20.52942838,31.38814323,20.52942838,0,0,13.8019978,0,0,13.17831527,0,38.05570574,19.73275034,16.11489137,2,19.8312303,19.8312303,14.92561642,42.56899637,29.21241238,43.35086388,43.36961044,43.67906394,44.79348304
Episode 287,0,0,0,0,0,0,0,0,0,0,0,0.673558671,0.673558671,0.673558671,0,0.673558671,0.673558671,0.673558671,0.673558671,0.673558671,0,0,0,0,0,0,0,0,0.673439977,0.673428609,0.673428609,0.673428609,0.673428609,0.673428609,0.673428609,0.673428609
Episode 288,0,0,0,0,0,0,0,0,0,0,0,0,0,0,0,0,0,0,0,0,0,0,0,0,0,0,0,0,0,0,0,0,0,0,0,0
Episode 289,0,0,0,0,0,0,0,0,0,0,0,0,0,0,0,0,0,0,0,0,0,0,0,0,0,0,0,0,0,0,0,0,0,0,0,0
Episode 290,13.17831527,0,13.84531823,15.02959576,18.62879212,13.46271433,20.57266168,0,1.976216962,2,1.76012134,25.47682375,24.149,30.48725572,24.10088788,17.8588564,0,15.17171414,9.754132873,42.2644579,13.17831527,0,43.58545767,20.78008608,18.44603625,11.7036124,20.9580694,20.9580694,17.01573239,43.76889958,29.14185339,44.01531505,44.0030593,44.0415418,44.0415418,44.0415418
Episode 291,2.909282499,2.59221358,2,2.567964509,0.802256648,0,0,2.909282499,0.834827774,0,2.909282499,2.56726507,2.56726507,0,2,2.909282499,1.953035042,2.909282499,2.909282499,2.909282499,2.909282499,2.909282499,2.909282499,2.909282499,2.909282499,2.909282499,2.909282499,2.909282499,2.909282499,2.909282499,2.909282499,2.909282499,2.909282499,2.909282499,2.909282499,2.909282499
Episode 292,0,0,0,0,0,0,0,0,0,0,0,0,0,0,0,0,0,0,0,0,0,0,0,0,0,0,0,0,0,0,0,0,0,0,0,0
Episode 293,0,0,0,0,0,0,0,0,0,0,0,0,0,0,0,0,0,0,0,0,0,0,0,0,0,0,0,0,0,0,0,0,0,0,0,0
Episode 294,0,0,0,0,0,0,0,0,0,0,0,0,0,0,0,0,0,0,0,0,0,0,0,0,0,0,0,0,0,0,0,0,0,0,0,0
Episode 295,0,0,0,0,0,0,0,0,0,0,0,0,0,0,0,0,0,0,0,0,0,0,0,0,0,0,0,0,0,0,0,0,0,0,0,0
Episode 296,0,0,0,0,0,0,0,0,0,0,0,0,0,0,0,0,0,0,0,0,0,0,0,0,0,0,0,0,0,0,0,0,0,0,0,0
Episode 297,0,0,0,0,0,0,0,0,0,0,0,0,0,0,0,0,0,0,0,0,0,0,0,0,0,0,0,0,0,0,0,0,0,0,0,0
Episode 298,0.802353468,0,0,0.802256648,0,0,0,0,0,0,0,0,0,0,0,0,0,0,0,0,0,0,0,0,0,0,0,0,0,0,0,0,0,0,0,0
Episode 299,0,0,0.802360527,0,0,0,0,0,0,0,0,0,0,0,0,0,0,0,0,0,0,0,0,0,0,0,0,0,0,0,0,0,0,0,0,0
Episode 300,0,13.091614,13.17831527,0,13.08984972,0,0,0,0,0,0,13.05650103,13.17511345,13.05650103,0,0,13.05650103,0,0,1.769723321,0,26.37142105,10.84360216,0,0,10.87791568,10.87791568,5.543316667,33.06255593,23.88788131,33.4195653,33.4195653,31.18792907,33.4195653,33.4195653,20.1365103
Episode 301,0,12.34742287,12.33482472,12.33482472,8.987404828,12.37467744,12.37467744,11.03821227,12.37467744,12.37467744,12.37467744,12.37467744,12.37467744,12.37467744,12.37467744,12.37467744,12.37467744,12.37467744,12.37467744,12.37467744,12.37467744,12.37467744,12.37467744,12.37467744,12.37467744,12.37467744,12.37467744,12.37467744,12.37467744,12.37467744,12.37467744,12.37467744,12.37467744,12.37467744,12.37467744,12.37467744
Episode 302,9.052529949,9.063724386,9.063724386,8.084842152,9.81120192,9.81120192,8.751592113,9.81120192,9.81120192,9.81120192,9.81120192,9.81120192,9.81120192,9.81120192,9.81120192,9.81120192,9.81120192,9.81120192,9.81120192,9.81120192,9.81120192,9.81120192,9.81120192,9.81120192,9.81120192,9.81120192,9.81120192,9.81120192,9.81120192,9.81120192,9.81120192,9.81120192,9.81120192,9.81120192,9.81120192,9.81120192
Episode 303,0.802260351,0.802261894,0.056748948,0.056748948,0.063619897,0,0.063619897,0.063619897,0.063619897,0.063619897,0.056748948,0.063619897,0.063619897,0.063619897,0.063619897,0.063619897,0.063619897,0.063619897,0.063619897,0.802410445,0.063619897,0.063619897,0.063619897,0.063619897,0.802261894,0.802261894,0.802261894,0.802261894,0.802261894,0.802261894,0.802261894,0.802261894,0.802261894,0.802261894,0.802261894,0.802261894
Episode 304,0,0,0,0,0,0,0,0,0,0,0,0,0,0,0,0,0,0,0,0,0,0,0,0,0,0,0,0,0,0,0,0,0,0,0,0
Episode 305,0,0,0,0,0,0,0,0,0,0,0,0,0,0,0,0,0,0,0,0,0,0,0,0,0,0,0,0,0,0,0,0,0,0,0,0
Episode 306,0,0,0,0,0,0,0,0,0,0,0,0,0,0,0,0,0,0,0,0,0,0,0,0,0,0,0,0,0,0,0,0,0,0,0,0
Episode 307,0,0,0,0,0,0,0,0,0,0,0,0,0,0,0,0,0,0,0,0,0,0,0,0,0,0,0,0,0,0,0,0,0,0,0,0
Episode 308,9.638523405,10.80551951,10.80551951,10.80551951,10.80551951,10.80551951,10.80551951,10.80551951,10.80551951,10.80551951,10.80551951,10.80551951,10.80551951,10.80551951,10.80551951,10.80551951,10.80551951,10.80551951,10.80551951,10.80551951,10.80551951,10.80551951,10.80551951,10.80551951,10.80551951,10.80551951,10.80551951,10.80551951,10.80551951,10.80551951,10.80551951,10.80551951,10.80551951,10.80551951,10.80551951,10.80551951
Episode 309,24.03927321,24.03927321,24.03927321,24.03927321,24.03927321,24.03927321,24.03927321,24.03927321,24.03927321,24.03927321,24.03927321,24.03927321,24.03927321,24.03927321,24.03927321,24.03927321,24.03927321,24.03927321,24.03927321,24.03927321,24.03927321,24.03927321,24.03927321,24.03927321,24.03927321,24.03927321,24.03927321,24.03927321,24.03927321,24.03927321,24.03927321,24.03927321,24.03927321,24.03927321,24.03927321,24.03927321
Episode 310,30.77121764,30.77121764,30.77121764,30.77121764,30.77121764,30.77121764,30.77121764,30.77121764,30.77121764,31.26407051,32.7022416,31.26407051,30.74752423,31.26407051,31.26407051,31.26407051,31.26407051,30.77121764,30.77121764,30.77121764,30.77121764,30.77121764,30.77121764,30.77121764,30.77121764,30.77121764,30.77121764,30.77121764,30.77121764,30.77121764,30.77121764,30.77121764,30.77121764,30.77121764,40.21554316,30.77121764
Episode 311,13.17831527,13.17831527,8.07684708,13.17831527,11.83210533,0,0,0,0,2,14.35631387,20,14.35631387,2.057635457,0,13.27825893,4.47885225,21.59123409,13.17831527,20,33.36471258,16.97714102,20,7.518309602,17.16996443,17.16996443,14.35968199,33.36471258,33.36471258,33.36471258,33.36471258,33.36471258,33.36471258,33.36471258,23.69004575,23.69004575
Episode 312,27.65996187,28.56083171,28.56083171,28.56083171,28.56083171,28.56083171,28.56083171,28.56083171,28.56083171,28.56083171,28.56083171,28.56083171,28.56083171,28.56083171,28.56083171,28.95250083,28.56083171,28.56083171,28.56083171,28.56083171,28.56083171,28.56083171,28.56083171,28.56083171,28.56083171,28.56083171,28.56083171,28.56083171,28.56083171,28.56083171,28.56083171,28.56083171,28.56083171,33.92617735,28.56083171,28.56083171
Episode 313,25.71934555,20,25.816,25.816,25.816,25.816,25.816,25.816,25.816,25.816,25.816,25.816,25.816,25.816,25.816,25.816,25.816,25.816,25.816,25.816,25.816,25.816,25.816,25.816,25.816,25.816,25.816,25.816,25.816,25.816,25.816,25.816,30.58858829,25.816,28.275,28.83806932
Episode 314,5.025871623,7.790161812,29.99780904,29.99780904,29.99780904,29.99780904,30.497846,30.41153739,30.497846,29.99780904,30.497846,30.497846,30.497846,30.497846,29.99780904,29.99780904,29.99780904,29.99780904,29.99780904,29.99780904,29.99780904,29.99780904,29.99780904,29.99780904,29.99780904,29.99780904,29.99780904,29.99780904,29.99780904,29.99780904,29.99780904,34.69850895,29.99780904,29.99780904,30.63438523,41.53698104
Episode 315,7.12827956,28.61615099,28.61615099,28.61615099,28.61615099,28.61615099,28.61615099,28.61615099,28.61615099,29.00935607,29.00935607,29.00935607,29.00935607,28.61615099,28.61615099,28.61615099,28.61615099,28.61615099,28.61615099,28.61615099,28.61615099,28.61615099,28.61615099,28.61615099,28.61615099,28.61615099,28.61615099,28.61615099,28.61615099,28.61668727,32.02308681,28.61615099,28.61668727,28.84725877,30.03013481,32.12827956
Episode 316,23.358,23.358,23.358,23.358,23.358,23.358,23.358,23.358,23.358,23.358,23.358,23.358,23.358,23.358,23.358,23.358,23.358,23.358,23.358,23.358,23.358,23.358,23.358,23.358,23.358,23.358,23.358,23.358,23.358,23.358,23.358,23.358,23.358,23.358,23.49265071,25.31453664
Episode 317,19.02504803,19.02504803,19.02504803,19.02504803,19.02504803,19.02504803,19.02504803,19.02504803,19.02504803,19.02504803,19.02504803,19.02504803,19.02504803,19.02504803,19.02504803,19.02504803,19.02504803,19.02504803,19.02504803,19.02504803,19.02504803,19.02504803,19.02504803,19.02504803,19.02504803,19.02504803,19.02504803,19.02504803,19.02504803,19.02504803,19.02504803,19.02504803,19.02504803,19.02504803,19.02504803,19.02504803
Episode 318,0,0,0,0,0,0,0,0,0,0,0,0,0,0,0,0,0,0,0,0,0,0,0,0,0,0,0,0,0,0,0,0,0,0,0,0
Episode 319,22.04158042,22.04158042,22.04158042,22.04158042,22.04158042,22.04158042,22.04158042,22.04158042,22.04158042,22.04158042,22.04158042,22.04158042,22.04158042,22.04158042,22.04158042,22.04158042,22.04158042,22.04158042,22.04158042,22.04158042,22.04158042,22.04158042,22.04158042,22.04158042,22.04158042,22.04158042,22.04158042,22.04158042,22.04158042,22.04158042,22.04158042,22.04158042,22.99597951,23.62985044,23.1226909,23.9158465
Episode 320,1.305825673,1.305825673,1.305825673,1.305825673,1.305825673,1.305825673,1.305825673,1.305825673,1.305825673,1.305825673,1.305825673,1.305825673,1.305825673,1.305825673,1.305825673,1.305825673,1.305825673,1.305825673,1.305825673,1.305825673,1.305825673,1.305825673,1.305825673,1.305825673,1.305825673,1.663361989,1.305825673,1.305825673,1.305825673,1.305825673,1.305825673,1.305825673,1.305825673,1.305825673,1.305825673,1.305825673
Episode 321,11.04856536,11.04856536,11.04856536,11.04856536,11.04856536,11.04856536,11.04856536,11.04856536,11.04856536,11.04856536,11.04856536,11.04856536,11.04856536,11.04856536,11.04856536,11.04856536,11.04856536,11.04856536,11.04856536,11.04856536,11.04856536,11.04856536,11.04856536,11.04856536,12.47103078,11.04856536,11.04856536,11.04856536,11.04856536,11.04856536,11.04856536,11.04856536,11.04856536,11.04856536,11.06080932,12.09526078
Episode 322,12.59617944,0,10.32084737,0,0,0,0,0,0,9.521570125,13.08929041,9.521570125,0,0,9.5182488,0,0,0.89165847,0,20,8.564249152,0,0,8.564249152,8.564249152,4.375133094,24.87329726,22.70040548,24.87329726,24.87329726,24.87329726,24.87329726,24.87329726,14.97736847,14.97736847,14.97736847
Episode 323,0,0,0,0,0,0,0,0,0,0,0,0,0,0,0,0,0,0,0,0,0,0,0,0,0,0,0,0,0,0,0,0,0,0,0,0
Episode 324,0,0,0,0,0,0,0,0,0,0,0,0,0,0,0,0,0,0,0,0,0,0,0,0,0,0,0,0,0,0,0,0,0,0,0,0
Episode 325,0,0,0,0,0,0,0,0,0,0,0,0,0,0,0,0,0,0,0,0,0,0,0,0,0,0,0,0,0,0,0,0,0,0,0,0
Episode 326,0,0,0,0,0,0,0,0,0,0,0,0,0,0,0,0,0,0,0,0,0,0,0,0,0,0,0,0,0,0,0,0,0,0,0,0
Episode 327,0,0,0,0,0,0,0,0,0,0,0,0,0,0,0,0,0,0,0,0,0,0,0,0,0,0,0,0,0,0,0,0,0,0,0,0
Episode 328,17.7292081,17.7292081,17.7292081,17.7292081,17.7292081,17.7292081,17.7292081,17.7292081,17.7292081,17.7292081,17.7292081,17.7292081,17.7292081,17.7292081,17.7292081,17.7292081,17.7292081,17.7292081,17.7292081,17.7292081,17.7292081,17.7292081,17.7292081,17.7292081,18.35103398,21.59131084,19.93661088,22.04651491,21.59131084,21.66687352,22.13165852,22.23419013,21.94201637,21.24060532,21.69649101,17.7292081
Episode 329,0,0,0,0,0,0,0,0,0,0,0,0,0,0,0,0,0,0,0,0,0,0,0,0,0,0,0,0,0,0,0,0,0,0,0,0
Episode 330,0,0,0,0,0,0,0,0,0,0,0,0,0,0,0,0,0,0,0,0,0,0,0,0,0,0,0,0,0,0,0,0,0,0,0,0
Episode 331,0,0,0,0,0,0,0,0,0,0,0,0,0,0,0,0,0,0,0,0,0,0,0,0,0,0,0,0,0,0,0,0,0,0,0,0
Episode 332,0,0,0,0,0,0,0,0,0,0,0,0,0,0,0,0,0,0,0,0,0,0,0,0,0,0,0,0,0,0,0,0,0,0,0,0
Episode 333,0,13.17831527,8.07684708,0,0,0,0,2,20,25.33940495,20,2.694234056,0,13.75708008,8.19263753,21.59123409,13.17831527,21.59123409,27.10377368,18.75411444,20,20,18.84714078,18.84714078,16.04766935,27.10377368,27.10377368,27.10377368,27.10377368,27.10377368,27.10377368,27.10377368,25.42,25.42,25.42,25.42
Episode 334,0,0,0,0,0,0,0,0,0,0,0,0,0,0,0,0,0,0,0,0,0,0,0,0,0,0,0,0,0,0,0,0,0,0,0,0
Episode 335,0,0,0,0,0,0,0,0,0,0,0,0,0,0,0,0,0,0,0,0,0,0,0,0,0,0,0,0,0,0,0,0,0,0,0,0
Episode 336,0,0,0,0,0,0,0,0,0,0,0,0,0,0,0,0,0,0,0,0,0,0,0,0,0,0,0,0,0,0,0,0,0,0,0,0
Episode 337,0,0,0,0,0,0,0,0,0,0,0,0,0,0,0,0,0,0,0,0,0,0,0,0,0,0,0,0,0,0,0,0,0,0,0,0
Episode 338,0,0,0,0,0,0,0,0,0,0,0,0,0,0,0,0,0,0,0,0,0,0,0,0,0,0,0,0,0,0,0,0,0,0,0,0
Episode 339,0,0,0,0,0,0,0,0,0,0,0,0,0,0,0,0,0,0,0,0,0,0,0,0,0,0,0,0,0,0,0,0,0,0,0,0
Episode 340,0,0,0,0,0,0,0,0,0,0,0,0,0,0,0,0,0,0,0,0,0,0,0,0,0,0,0,0,0,0,0,0,0,0,0,0
Episode 341,0,0,0,0,0,0,0,0,0,0,0,0,0,0,0,0,0,0,0,0,0,0,0,0,0,0,0,0,0,0,0,0,0,0,0,0
Episode 342,0,0,0,0,0,0,0,0,0,0,0,0,0,0,0,0,0,0,0,0,0,0,0,0,0,0,0,0,0,0,0,0,0,0,0,0
Episode 343,0,0,0,0,0,0,0,0,0,0,0,0,0,0,0,0,0,0,0,0,0,0,0,0,0,0,0,0,0,0,0,0,0,0,0,0
Episode 344,13.17511345,1.281232301,0,0,0,0,2.901479775,24.149,24.68648007,22.02951993,11.80889354,0,14.1090892,8.187601468,23.358,13.17831527,21.57796184,26.53184222,18.64847659,20,20,18.73769308,18.73769308,19.07625361,26.53184222,26.53184222,26.53184222,26.53184222,26.53184222,26.53184222,26.53184222,24.84397459,24.88418319,24.88418319,24.84397459,26.53184222
Episode 345,0,0,0,0,0,0,0,0,0,0,0,0,0,0,0,0,0,0,0,0,0,0,0,0,0,0,0,0,0,0,0,0,0,0,0,0
Episode 346,0,0,0,0,0,0,0,0,0,0,0,0,0,0,0,0,0,0,0,0,0,0,0,0,0,0,0,0,0,0,0,0,0,0,0,0
Episode 347,0,0,0,0,0,0,0,0,0,0,0,0,0,0,0,0,0,0,0,0,0,0,0,0,0,0,0,0,0,0,0,0,0,0,0,0
Episode 348,0,0,0,0,0,0,0,0,0,0,0,0,0,0,0,0,0,0,0,0,0,0,0,0,0,0,0,0,0,0,0,0,0,0,0,0
Episode 349,0,0,0,0,0,0,0,0,0,0,0,0,0,0,0,0,0,0,0,0,0,0,0,0,0,0,0,0,0,0,0,0,0,0,0,0
Episode 350,0,0,0,0,0,0,0,0,0,0,0,0,0,0,0,0,0,0,0,0,0,0,0,0,0,0,0,0,0,0,0,0,0,0,0,0
Episode 351,0,0,0,0,0,0,0,0,0,0,0,0,0,0,0,0,0,0,0,0,0,0,0,0,0,0,0,0,0,0,0,0,0,0,0,0
Episode 352,0,0,0,0,0,0,0,0,0,0,0,0,0,0,0,0,0,0,0,0,0,0,0,0,0,0,0,0,0,0,0,0,0,0,0,0
Episode 353,0,0,0,0,0,0,0,0,0,0,0,0,0,0,0,0,0,0,0,0,0,0,0,0,0,0,0,0,0,0,0,0,0,0,0,0
Episode 354,0,0,0,0,0,0,0,0,0,0,0,0,0,0,0,0,0,0,0,0,0,0,0,0,0,0,0,0,0,0,0,0,0,0,0,0
Episode 355,0,0.194001356,0,2.211006151,5.496810677,1.846137542,1.344551457,0,0,0,0,0,0,0,0,0,1.736051955,14.29771103,17.564,23.24481259,28.49937482,23.24481259,25.42,23.358,22.24481259,23.78634682,22.24481259,22.24481259,29.99623139,23.358,22.24481259,22.09415634,19.91,17.06413418,18.95167367,18.67157196
Episode 356,0,0,0.8459331,0.8459331,0.846170781,0,0,0.844614286,0.844614286,0.844614286,0,0.844614286,0.844614286,0,0,0.844614286,0,0.844614286,0,0,0,0,0,0,0,0,0,0,0,0,0.84554691,0.84554691,0.84554691,0,3.463798228,3.461454446
Episode 357,0,0,0,0,0,0,0,0,0,0,0,0,0,0,0,0,0,0,0,0,0,0,0,0,0,0,0,0,0,0,0,0,0,0,0,0
Episode 358,0,0,0,0,0,0,0,0,0,0,0,0,0,0,0,0,0,0,0,0,0,0,0,0,0,0,0,0,0,0,0,0,0,0,0,0
Episode 359,0,0.885177674,0.883852415,0.883854478,0,0,0.882228665,0.882228665,0.882228665,0,0.882228665,0.882228665,0,0,0.882228665,0,0.882228665,0,0,0,0,0,0,0,0,0,0,0,0,0.883202824,0.883202824,0.883202824,0.06180401,3.487542278,3.487542278,3.487542278
Episode 360,5.679975745,5.679975745,5.679975745,0,0,5.618594294,5.648842133,5.648842133,5.618594294,5.678989302,5.675856633,5.678989302,0,5.678989302,0,5.675856633,0,0,0,0,0,0,0,5.675856633,5.675856633,0,5.675856633,0,5.675856633,5.675856633,5.675856633,5.675856633,5.675856633,5.675856633,5.675856633,5.675856633
Episode 361,2.016667557,2.017954859,0,0,2,2.015377753,2.012673481,2,2.015494916,2,2,0,2.015494916,0,2.015494916,0,0,0,0,0,0,0,1.422953506,1.15755862,0,1.15755862,0,2.015494916,2.015494916,2.015494916,1.422953506,2.015494916,2.015494916,2.015494916,2.015494916,2.015494916
Episode 362,5.746760861,0,0,5.678989302,5.737884809,5.678989302,5.678989302,5.737884809,5.737884809,5.737884809,0,5.741101564,0,5.737884809,0,0,0,0,0,0,0,5.737884809,5.737884809,0,5.737884809,0,5.737884809,5.737884809,5.737884809,5.737884809,5.737884809,5.737884809,5.737884809,5.737884809,5.737884809,5.737884809
Episode 363,0,0,3.562273542,3.595506207,3.595506207,3.562273542,3.597357592,3.595506207,3.597357592,0,3.595506207,0,3.595506207,0,0,0,0,0,0,0,3.595506207,3.595506207,0,3.595506207,0,3.595506207,3.595506207,3.595506207,3.595506207,3.595506207,3.595506207,3.595506207,3.595506207,3.595506207,3.595506207,3.595506207
Episode 364,0,3.127543907,3.127543907,3.128541724,3.097662525,3.127543907,3.117130245,3.127543907,0,3.127543907,0,3.127543907,0,0,0,0,0,0,0,3.117130245,2.902376608,0,2.902376608,0,3.125957397,3.125957397,3.125957397,3.117130245,3.125957397,3.125957397,3.125957397,3.125957397,3.125957397,3.125957397,3.125957397,3.125957397
Episode 365,10.54689114,10.6184595,10.54516542,10.54516542,10.6184595,10.60911,10.6184595,0,10.61732662,0,10.60911,0,0,0,0,0,10.60911,0,10.60911,10.60911,10.60911,10.60911,4.17743391,10.60911,10.60911,10.60911,10.60911,10.60911,10.60911,10.60911,10.60911,10.60911,10.60911,10.60911,10.60911,10.60911
Episode 366,13.09743726,12.91223419,12.87008543,13.1885748,13.17831527,13.1885748,2.90186188,13.1867933,0,13.18656023,2,0,0,0,0,13.17831527,0,13.17831527,20,13.17831527,19.33342778,13.17831527,13.17831527,13.17831527,13.17831527,14.59986943,13.17831527,13.17831527,13.17831527,13.17831527,13.17831527,13.17831527,13.17831527,13.17831527,13.17831527,13.17831527
Episode 367,13.11139968,13.64708995,18.131815,20.3330648,17.0194624,20.3330648,17.76572564,9.413831879,17.76572564,18.77567527,9.730883822,13.95171065,9.730883822,16.12031294,20.3330648,13.95171065,20.3330648,20.3330648,20.3330648,20.3330648,20.3330648,20.3330648,20.3330648,20.3330648,20.3330648,20.3330648,20.3330648,20.3330648,20.3330648,20.3330648,20.3330648,20.3330648,20.3330648,20.3330648,20.3330648,20.3330648
Episode 368,13.37188671,13.64708995,23.68504748,20,20,20.93441463,10.15259064,23.68504748,20,13.22812546,16.11276502,13.22812546,18.2419824,23.68504748,17.61444599,23.68504748,23.68504748,23.68504748,23.68504748,23.68504748,23.68504748,23.68504748,23.68504748,23.68504748,23.68504748,23.68504748,23.68504748,23.68504748,23.68504748,23.68504748,23.68504748,23.68504748,23.68504748,23.68504748,23.68504748,23.68504748
Episode 369,13.64708995,29.66213023,25.16758412,22.29935704,27.18234403,23.3386095,27.42496566,22.7801773,24.18255142,24.99144858,21.99038937,23.38727705,29.66213023,23.194,29.88899182,30.35992557,29.66213023,30.35992557,29.66213023,29.66213023,29.66213023,29.66213023,31.50389723,29.66213023,29.66213023,29.66213023,29.66213023,29.66213023,29.66213023,29.66213023,29.66213023,29.66213023,29.66213023,29.66213023,32.81532295,32.81532295
Episode 370,30.71638485,13.64708995,21.48587584,27.09106626,24.80889244,28.69849305,25.02138215,24.80889244,30.04797598,26.59576966,30.39114232,30.71638485,30.39114232,31.37065241,31.37065241,30.71638485,31.503847,30.71638485,31.48557469,30.71638485,30.71638485,33.34865142,30.71638485,30.71638485,30.71638485,30.71638485,30.71638485,30.71638485,30.71638485,30.71638485,30.71638485,30.71638485,30.71638485,35.88664285,35.88664285,35.88664285
Episode 371,13.64708995,0,20,15.91758407,24.15747017,19.02313442,17.72083352,19.96929022,20,21.24743323,26.90615188,22.94793264,26.90615188,26.90615188,26.90615188,26.90615188,26.90615188,26.90615188,26.90615188,26.90615188,26.90615188,26.90615188,26.90615188,26.90615188,26.90615188,26.90615188,26.90615188,26.90615188,26.90615188,26.90615188,26.90615188,26.90615188,28.275,28.06448077,27.86722459,29.39361892
Episode 372,0,13.64708995,15.26093118,24.15747017,18.82431067,16.5541345,20.99422347,21.14782016,23.09648601,28.96756541,22.92750879,28.96756541,28.96756541,28.96756541,28.96756541,28.96756541,28.96756541,28.96756541,28.96756541,28.96756541,28.96756541,28.96756541,28.96756541,28.96756541,28.96756541,28.96756541,28.96756541,28.96756541,28.96756541,28.96756541,28.96756541,29.19479517,29.19479517,29.19479517,29.19479517,29.19479517
Episode 373,13.64422594,0,20,18.51134491,16.53445266,20.8612468,20.57320463,25.11736351,29.40929191,25.021018,29.40929191,29.40929191,29.40929191,29.40929191,29.40929191,29.40929191,29.40929191,29.40929191,29.40929191,29.40929191,29.40929191,29.40929191,29.40929191,29.40929191,29.40929191,29.40929191,29.40929191,29.40929191,29.40929191,29.40929191,30.13851456,29.48792904,29.48792904,29.48792904,29.48792904,29.48792904
Episode 374,0,13.64708995,0,0,17.56864405,15.23331922,17.56864405,24.149,17.56864405,24.149,24.149,24.149,24.149,24.149,24.149,24.149,24.149,24.149,24.149,24.149,24.149,24.149,24.149,24.149,24.149,24.149,24.149,24.149,24.149,24.149,24.149,24.149,24.149,24.149,24.149,24.149
Episode 375,13.63062063,0,0,2.772779695,9.395071228,13.47023741,18.76529167,15.72503059,18.76529167,18.76529167,18.76529167,18.76529167,18.76529167,18.76529167,18.76529167,18.76529167,18.76529167,18.76529167,18.76529167,18.76529167,18.76529167,18.76529167,18.76529167,18.76529167,18.76529167,18.76529167,18.76529167,18.76529167,18.76529167,18.76529167,18.76529167,18.76529167,18.76529167,18.76529167,19.04499022,23.78001437
Episode 376,0,0,18.65128056,13.92133996,15.70190285,24.24137495,16.52071286,24.24137495,24.24137495,24.24137495,24.24137495,24.24137495,24.24137495,24.24137495,24.24137495,24.24137495,24.24137495,24.24137495,24.24137495,24.24137495,24.24137495,24.24137495,24.24137495,24.24137495,24.24137495,24.24137495,24.24137495,24.24137495,24.24137495,24.24137495,24.24137495,24.24137495,24.24137495,24.24137495,26.12482027,25.57551123
Episode 377,0,0,2.734024271,16.01488434,23.4527237,16.10694397,23.4527237,23.4527237,23.4527237,23.4527237,23.4527237,23.4527237,23.4527237,23.4527237,23.4527237,23.4527237,23.4527237,23.4527237,23.4527237,23.4527237,23.4527237,23.4527237,23.4527237,23.4527237,23.4527237,23.4527237,23.4527237,23.4527237,23.4527237,23.4527237,23.4527237,23.4527237,23.4527237,24.1344186,23.4527237,23.4527237
Episode 378,0,25.47461301,0,25.47461301,25.47461301,25.47461301,25.47461301,25.47461301,25.47461301,25.47461301,25.47461301,25.47461301,18.94670233,21.57801625,20,0,23.53726106,25.47461301,20,20,23.63409546,10.43558043,23.31982846,19.68136721,10.43558043,17.28038815,12.07161301,16.17266013,27.82100946,10.2938314,27.82100946,27.82100946,27.51451773,27.82100946,25.47461301,27.82100946
Episode 379,0,0,18.18385867,29.44112285,20.59783307,29.44112285,29.44112285,29.44112285,29.44112285,29.44112285,29.44112285,29.44112285,29.44112285,29.80476758,29.44112285,29.44112285,29.44112285,29.44112285,29.44112285,29.44112285,29.44112285,29.44112285,29.44112285,29.44112285,29.44112285,30,30,30,30,30,30,30,34.1948051,30,30,29.44112285
Episode 380,0,0,34.92270791,29.88678267,34.92270791,35.21458411,34.92270791,35.21458411,34.92270791,34.92270791,34.92270791,34.92270791,36,34.92270791,34.92270791,34.92270791,34.92270791,34.92270791,34.92270791,34.92270791,34.92270791,34.92270791,34.92270791,34.92270791,36,36,36,36,36,36,36,39.84341518,36,36,35.969,38.69996059
Episode 381,0,3.976918177,18.95667266,30.92350756,30.92350756,30.92350756,30.92350756,30.92350756,30.92350756,30.92350756,30.92350756,31.1714191,30.92350756,30.92350756,30.92350756,30.92350756,30.92350756,30.92350756,30.92350756,30.92350756,30.92350756,30.92350756,30.92350756,31.275,31.275,31.275,31.275,31.275,31.275,31.275,32.93112439,31.275,31.275,32.19952244,35.55891424,45.13479419
Episode 382,3.894268685,0,25.42,25.42,25.42,25.42,25.42,25.42,25.42,25.42,25.42,25.42,25.42,25.42,25.42,25.42,25.42,25.42,25.4352496,25.42,25.42,25.42,25.42,25.42,25.42,25.42,25.42,25.42,25.42,27.3661008,25.42,25.42,25.42,28.22567104,29.49220606,32.91692327
Episode 383,0,25.31248046,25.31248046,25.31248046,25.31248046,25.31248046,25.31248046,25.31248046,25.31248046,25.31248046,25.31248046,25.54075114,25.31248046,25.51428794,25.31248046,25.31248046,25.63503908,25.81869218,25.31248046,25.31248046,25.31248046,25.31248046,25.31248046,25.31248046,25.31248046,25.31248046,25.31248046,25.31248046,27.36618116,25.31248046,25.31248046,25.76531667,29.15197862,29.89011031,31.91481143,37.24975937
Episode 384,27.98947967,27.98947967,27.98947967,27.98947967,27.98947967,27.98947967,27.98947967,27.98947967,27.98947967,27.98947967,27.98947967,27.98947967,27.98947967,28.07238203,27.98947967,28.05503035,28.06067105,27.98947967,27.98947967,27.98947967,27.98947967,27.98947967,27.98947967,27.98947967,27.98947967,27.98947967,27.98947967,29.84006069,27.98947967,27.98947967,28.18075061,28.95267287,33.61285548,35.03656433,43.41472704,43.11810263
Episode 385,24.11269343,20,24.11269343,24.11269343,24.11269343,24.11269343,24.11269343,24.11269343,24.11269343,24.11269343,24.11269343,24.11269343,24.11269343,24.11269343,24.12969142,24.1344186,24.11269343,24.11269343,24.11269343,24.11269343,24.11269343,24.14588983,24.22472332,24.11269343,24.11269343,24.11269343,26.10362283,24.11269343,24.11269343,24.11269343,27.34127187,27.92120108,29.19864595,29.65869292,30.06093914,30.53744023
Episode 386,0,13.17831527,13.17831527,13.17831527,13.17831527,13.17831527,13.17831527,13.17831527,13.17831527,13.17831527,13.17831527,13.17831527,13.17831527,13.17831527,13.17831527,13.17831527,13.17831527,13.17831527,13.17831527,13.17831527,13.17831527,13.17831527,13.17831527,13.17831527,13.17831527,14.50047298,13.17831527,13.17831527,13.17831527,13.17831527,14.50554238,20,20,23.25155635,24.10088788,24.10088788
Episode 387,13.17831527,13.17831527,13.17831527,13.17831527,13.17831527,15.19773837,13.17831527,13.17831527,13.17831527,13.17831527,13.17831527,13.17831527,13.17831527,13.17831527,13.17831527,13.17831527,13.17831527,16.39294954,16.39294954,16.39294954,16.39294954,16.39294954,16.39294954,16.39294954,20.54142086,16.39294954,16.39294954,14.50570957,20,24.10088788,24.10088788,24.10088788,24.10088788,24.1344186,24.17698647,24.75754178
Episode 388,0,23.358,23.358,23.358,23.358,23.358,23.358,23.358,23.358,23.358,23.358,23.358,24.1344186,23.68458147,23.65240637,23.358,23.358,23.358,23.44514787,23.47891876,23.358,23.358,23.358,27.045,23.358,23.358,25.48824445,27.71272297,28.19298409,29.49220606,29.74514405,29.99725124,30.2726826,30.064422,32.21874994,31.56617635
Episode 389,0,25.47461301,0,25.47461301,25.47461301,25.47461301,25.47461301,25.47461301,25.47461301,25.47461301,25.47461301,25.47461301,18.94670233,21.57801625,20,0,23.53726106,25.47461301,20,20,23.63409546,10.43558043,23.31982846,19.68136721,10.43558043,17.28038815,12.07161301,16.17266013,27.82100946,10.2938314,27.82100946,27.82100946,27.51451773,27.82100946,25.47461301,27.82100946
Episode 390,23.358,23.358,23.358,23.358,23.358,23.358,23.358,23.358,23.358,23.358,23.358,24.46948274,24.23056396,24.94,23.358,23.86578464,23.86578464,23.86578464,23.86578464,23.86578464,23.86578464,23.86578464,27.24994752,23.86578464,23.86578464,25.71778058,28.28908955,29.29212338,29.74264551,29.74613632,29.74613632,30.2781349,30.7186602,38.03789785,38.03789785,35.95244394
Episode 391,13.17831527,13.17831527,14.50542759,14.50542759,14.50542759,14.50542759,14.50542759,14.50542759,14.50542759,14.50545652,20,16.1613762,20,20.99664341,19.55143306,19.55143306,19.55143306,19.55143306,19.55143306,19.55143306,19.7456906,24.15747017,20.167,20.167,24.18497229,24.38541081,25.41830735,26.93877765,26.7364816,26.81565268,27.81707836,27.37973024,28.1213513,27.88803993,26.12020566,34.65660475
Episode 392,0,0,0,0,0,0,0,0,0,0,0,0,0,0,0,0,0,0,0,0,0,0,0,0,0,0,0,0,0,0,0,0,0,0,0,0
Episode 393,0,0,0,0,0,0,0,0,0,0,0,0,0,0,0,0,0,0,0,0,0,0,0,0,0,0,0,0,0,0,0,0,0,0,0,0
Episode 394,0,0,0,0,0,0,0,0,0,0,0,0,0,0,0,0,0,0,0,0,0,0,0,0,0,0,0,0,0,0,0,0,0,0,0,0
Episode 395,0,0,0,0,0,0,0,0,0,0,0,0,0,0,0,0,0,0,0,0,0,0,0,0,0,0,0,0,0,0,0,0,0,0,0,0
Episode 396,0,0,0,0,0,0,0,0,0,0,0,0,0,0,0,0,0,0,0,0,0,0,0,0,0,0,0,0,0,0,0,0,0,0,0,0
Episode 397,0,0,0,0,0,0,0,0,0,0,0,0,0,0,0,0,0,0,0,0,0,0,0,0,0,0,0,0,0,0,0,0,0,0,0,0
Episode 398,0,0,0,0,0,0,0,0,0,0,0,0,0,0,0,0,0,0,0,0,0,0,0,0,0,0,0,0,0,1.196208819,0,0,0,0,0,0
Episode 399,9.523591242,9.523591242,9.523591242,9.523591242,9.523591242,9.523591242,12.13115961,12.13115961,12.13115961,12.13115961,12.13115961,12.13115961,14.17692936,17.44125352,13.41309145,13.41309145,16.99653774,18.10540105,18.59963202,20.54511091,21.10840684,22.15471706,22.98200881,22.68758028,23.27708207,22.82330673,20.33285666,24.63142921,25.05452948,24.4216578,23.8763422,23.94198484,23.81863544,23.9693682,24.4216578,23.62206927
Episode 400,25.87761625,25.87761625,2,25.87761625,25.87761625,25.87761625,25.87761625,25.87761625,24.52460465,25.87761625,25.87761625,20.84255215,22.62053015,22.62053015,0,24.23677627,25.87761625,20.20977706,20.20977706,24.10088788,14.73030673,24.10088788,20.525309,15.03348633,17.94124114,14.18357198,17.29606946,25.87761625,15.73470373,25.87761625,25.87761625,25.87761625,25.87761625,25.87761625,25.87761625,25.87761625
Episode 401,0,0,0,0,0,0,0,0,0,0,0,0,0,0,0,0,0,0,0,0,0,0,0,0,0,0,0,0,0,0,0,0,0,0,0,0
Episode 402,0,0,0,0,0,0,0,0,0,0,0,0,0,0,0,0,0,0,0,0,0,0,0,0,0,0,0,0,0,0,0,0,0,0,0,0
Episode 403,2.828234567,2.828137919,7.871837722,1.350167742,1.350167742,1.350167742,1.350167742,1.350167742,1.350167742,1.383487873,14.39624674,1.519837449,1.463041339,14.35156477,14.41627574,14.41627574,15.37374728,15.37374728,19.65877246,19.71224717,19.71224717,19.71224717,19.71224717,19.71224717,21.5460085,23.358,22.75148298,22.48402364,21.89697306,22.47232525,22.5779803,22.82388679,20.35619508,25.20617699,25.20617699,25.20617699
Episode 404,0.889359165,0.889202254,0,0,0,0,0,0,0,5.837659698,0,0,5.837659698,7.164772018,10.67608256,10.69093582,10.69093582,10.69093582,11.40098514,11.40098514,14.06037763,14.19737578,10.69093582,18.44636299,18.44636299,18.12275475,20,17.77842746,17.57843038,17.46825081,17.46825081,15.70006001,21.87964893,21.87964893,21.87964893,21.87964893
Episode 405,0.043751632,0,0,0,0,0,0,0,0.171201953,0,0,0.171201953,0.171201953,0.171201953,0.171201953,0.171201953,0.171201953,0.313099132,0.313099132,0.313099132,0.313099132,0.313099132,1.367869854,9.754132873,2.65927175,1.599060855,1.367869854,1.349375825,1.215870477,0.98876031,0.42990213,0.5934735,0.42990213,0.42990213,0.42990213,0.42990213
Episode 406,0,0,0,0,0,0,0,0,0,0,0,0,0,0,0,0,0,0,0,0,0,0,0,0,0,0,0,0,0,0,0,0,0,0,0,0
Episode 407,0,0,0,0,0,0,0,0,0,0,0,0,0,0,0,0,0,0,0,0,0,0,0,0,0,0,0,0,0,0,0,0,0,0,0,0
Episode 408,0,0,0,0,0,0,0,0,0,0,0,0,0,0,0,0,0,0,0,0,0,0,0,0,0,0,0,0,0,0,0,0,0,0,0,0
Episode 409,0,0,0,0,0,0,0,0,0,0,0,0,0,0,0,0,0,0,0,0,0,0,0,0,0,0,0,0,0,0,0,0,0,0,0,0
Episode 410,0,0,0,0,0,0,0,0,0,0,0,0,0,0,0,0,0,0,0,0,0,0,0,0,0,0,0,0,0,0,0,0,0,0,0,0
Episode 411,16.4428167,25.84828404,20.13384681,25.84828404,25.84828404,25.42,25.84828404,25.38512641,25.84828404,25.84828404,24.32612989,25.24697988,24.42473028,5.038470065,25.84828404,25.84828404,21.22616364,20.97465089,25.84828404,20.54665097,25.84828404,20.99442505,20.15565014,21.27005858,17.47510578,21.32463279,25.84828404,20.4387409,25.84828404,25.84828404,25.84828404,25.84828404,25.84828404,25.84828404,25.84828404,25.84828404
Episode 412,0,0,0,0,0,0,0,0,0,0,0,0,0,0,0,0,0,0,0,0,0,0,0,0,0,0,0,0,0,0,0,0,0,0,0,0
Episode 413,0,0,0,0,0,0,0,0,0,0,0,0,0,0,0,0,0,0,0,0,0,0,0,0,0,0,0,0,0,0,0,0,0,0,0,0
Episode 414,0,0,0,0,0,0,0,0,0,0,0,0,0,0,0,0,0,0,0,0,0,0,0,0,0,0,0,0,0,0,0,0,0,0,0,0
Episode 415,0,0,0,0,0,0,0,0,0,0,0,0,0,0,0,0,0,0,0,0,0,0,0,0,0,0,0,0,0,0,0,0,0,0,0,0
Episode 416,0,0,0,0,0,0,0,0,0,0,0,0,0,0,0,0,0,0,0,0,0,0,0,0,0,0,0,0,0,0,0,0,0,0,0,0
Episode 417,0,0,0,0,0,0,0,0,0,0,0,0,0,0,0,0,0,0,0,0,0,0,0,0,0,0,0,0,0,0,0,0,0,0,0,0
Episode 418,0,0,0,0,0,0,0,0,0,0,0,0,0,0,0,0,0,0,0,0,0,0,0,0,0,0,0,0,0,0,0,0,0,0,0,0
Episode 419,0,0,0,0,0,0,0,0,0,0,0,0,0,0,0,0,0,0,0,0,0,0,0,0,0,0,0,0,0,0,0,0,0,0,0,0
Episode 420,0,0,0,0,0,0,0,0,0,0,0,0,0,0,0,0,0,0,0,0,0,0,0,0,0,0,0,0,0,0,0,0,0,0,0,0
Episode 421,0,0,0,0,0,0,0,0,0,0,0,0,0,0,0,0,0,0,0,0,0,0,0,0,0,0,0,0,0,0,0,0,0,0,0,0
Episode 422,16.4428167,25.84828404,20.13384681,25.84828404,25.84828404,25.42,25.84828404,25.38512641,25.84828404,25.84828404,24.32612989,25.24697988,24.42473028,5.038470065,25.84828404,25.84828404,21.22616364,20.97465089,25.84828404,20.54665097,25.84828404,20.99442505,20.15565014,21.27005858,17.47510578,21.32463279,25.84828404,20.4387409,25.84828404,25.84828404,25.84828404,25.84828404,25.84828404,25.84828404,25.84828404,25.84828404
Episode 423,0,0,0,0,0,0,0,0,0,0,0,0,0,0,0,0,0,0,0,0,0,0,0,0,0,0,0,0,0,0,0,0,0,0,0,0
Episode 424,0,0,0,0,0,0,0,0,0,0,0,0,0,0,0,0,0,0,0,0,0,0,0,0,0,0,0,0,0,0,0,0,0,0,0,0
Episode 425,0,0,0,0,0,0,0,0,0,0,0,0,0,0,0,0,0,0,0,0,0,0,0,0,0,0,0,0,0,0,0,0,0,0,0,0
Episode 426,0,0,0,0,0,0,0,0,0,0,0,0,0,0,0,0,0,0,0,0,0,0,0,0,0,0,0,0,0,0,0,0,0,0,0,0
Episode 427,0,0,0,0,0,0,0,0,0,0,0,0,0,0,0,0,0,0,0,0,0,0,0,0,0,0,0,0,0,0,0,0,0,0,0,0
Episode 428,0,0,0,0,0,0,0,0,0,0,0,0,0,0,0,0,0,0,0,0,0,0,0,0,0,0,0,0,0,0,0,0,0,0,0,0
Episode 429,0,0,0,0,0,0,0,0,0,0,0,0,0,0,0,0,0,0,0,0,0,0,0,0,0,0,0,0,0,0,0,0,0,0,0,0
Episode 430,0,0,0,0,0,0,0,0,0,0,0,0,0,0,0,0,0,0,0,0,0,0,0,0,0,0,0,0,0,0,0,0,0,0,0,0
Episode 431,0,0,0,0,0,0,0,0,0,0,0,0,0,0,0,0,0,0,0,0,0,0,0,0,0,0,0,0,0,0,0,0,0,0,0,0
Episode 432,0,0,0,0,0,0,0,0,0,0,0,0,0,0,0,0,0,0,0,0,0,0,0,0,0,0,0,0,0,0,0,0,0,0,0,0
Episode 433,23.87640629,0,2.587761625,23.87640629,23.87640629,23.87640629,23.87640629,23.87640629,23.87640629,13.64708995,13.861005,13.64708995,0,17.96880823,23.87640629,23.358,23.358,17.96880823,8.843455994,17.96880823,20,10.08979778,15.45848869,10.50058639,14.72077483,23.87640629,10.23061928,23.87640629,23.87640629,23.87640629,23.87640629,23.87640629,23.87640629,23.87640629,23.87640629,23.87640629
Episode 434,0,0,0,0,0,0,0,0,0,0,0,0,0,0,0,0,0,0,0,0,0,0,0,0,0,0,0,0,0,0,0,0,0,0,0,0
Episode 435,0,0,0,0,0,0,0,0,0,0,0,0,0,0,0,0,0,0,0,0,0,0,0,0,0,0,0,0,0,0,0,0,0,0,0,0
Episode 436,0,0,0,0,0,0,0,0,0,0,0,0,0,0,0,0,0,0,0,0,0,0,0,0,0,0,0,0,0,0,0,0,0,0,0,0
Episode 437,0,0,0,0,0,0,0,0,0,0,0,0,0,0,0,0,0,0,0,0,0,0,0,0,0,0,0,0,0,0,0,0,0,0,0,0
Episode 438,0,0,0,0,0,0,0,0,0,0,0,0,0,0,0,0,0,0,0,0,0,0,0,0,0,0,0,0,0,0,0,0,0,0,0,0
Episode 439,0,0,0,0,0,0,0,0,0,0,0,0,0,0,0,0,0,0,0,0,0,0,0,0,0,0,0,0,0,0,0,0,0,0,0,0
Episode 440,0,0,0,0,0,0,0,0,0,0,0,0,0,0,0,0,0,0,0,0,0,0,0,0,0,0,0,0,0,0,0,0,0,0,0,0
Episode 441,0,0,0,0,0,0,0,0,0,0,0,0,0,0,0,0,0,0,0,0,0,0,0,0,0,0,0,0,0,0,0,0,0,0,0,0
Episode 442,0,0,0,0,0,0,0,0,0,0,0,0,0,0,0,0,0,0,0,0,0,0,0,0,0,0,0,0,0,0,0,0,0,0,0,0
Episode 443,0,0,0,0,0,0,0,0,0,0,0,0,0,0,0,0,0,0,0,0,0,0,0,0,0,0,0,0,0,0,0,0,0,0,0,0
Episode 444,0,0,0,12.73467783,12.73467783,12.74348526,0,0,12.46212601,12.76656506,12.45614073,0,12.76656506,12.73467783,0,0,12.76656506,0,12.76656506,0,0,0,0,0,12.73467783,0,12.76656506,12.76656506,12.73467783,12.76656506,12.73467783,12.76656506,12.76656506,12.76656506,12.76656506,12.84724117
Episode 445,0,0,0,0,0,0,0,0,0,0,0,0,0,0,0,0,0,0,0,0,0,0,0,0,0,0,0,0,0,0,0,0,0,0,0,0
Episode 446,0,0,0,0,0,0,0,0,0,0,0,0,0,0,0,0,0,0,0,0,0,0,0,0,0,0,0,0,0,0,0,0,0,0,0,0
Episode 447,0,0,0,0,0,0,0,0,0,0,0,0,0,0,0,0,0,0,0,0,0,0,0,0,0,0,0,0,0,0,0,0,0,0,0,0
Episode 448,0,0,0,0,0,0,0,0,0,0,0,0,0,0,0,0,0,0,0,0,0,0,0,0,0,0,0,0,0,0,0,0,0,0,0,0
Episode 449,0,0,0,0,0,0,0,0,0,0,0,0,0,0,0,0,0,0,0,0,0,0,0,0,0,0,0,0,0,0,0,0,0,0,0,0
Episode 450,0,0,0,0,0,0,0,0,0,0,0,0,0,0,0,0,0,0,0,0,0,0,0,0,0,0,0,0,0,0,0,0,0,0,0,0
Episode 451,0,0,0,0,0,0,0,0,0,0,0,0,0,0,0,0,0,0,0,0,0,0,0,0,0,0,0,0,0,0,0,0,0,0,0,0
Episode 452,0,0,0,0,0,0,0,0,0,0,0,0,0,0,0,0,0,0,0,0,0,0,0,0,0,0,0,0,0,0,0,0,0,0,0,0
Episode 453,0,0,0,0,0,0,0,0,0,0,0,0,0,0,0,0,0,0,0,0,0,0,0,0,0,0,0,0,0,0,0,0,0,0,0,0
Episode 454,0,0,0,0,0,0,0,0,0,0,0,0,0,0,0,0,0,0,0,0,0,0,0,0,0,0,0,0,0,0,0,0,0,0,0,0
