,Time Step 1,Time Step 2,Time Step 3,Time Step 4,Time Step 5,Time Step 6,Time Step 7,Time Step 8,Time Step 9,Time Step 10,Time Step 11,Time Step 12,Time Step 13,Time Step 14,Time Step 15,Time Step 16,Time Step 17,Time Step 18,Time Step 19,Time Step 20,Time Step 21,Time Step 22,Time Step 23,Time Step 24,Time Step 25,Time Step 26,Time Step 27,Time Step 28,Time Step 29,Time Step 30,Time Step 31,Time Step 32,Time Step 33,Time Step 34,Time Step 35,Time Step 36
1,359,227,574,471,146,460,214,469,217,350,487,146,484,577,423,393,319,552,384,425,208,137,565,405,410,591,191,180,141,444,367,434,598,461,142,358
2,303,304,232,164,309,292,230,350,480,458,604,289,270,155,348,454,175,588,205,534,520,515,170,599,373,608,456,297,449,545,354,260,451,393,154,318
3,541,158,383,389,496,214,543,156,269,226,232,414,568,599,391,528,265,527,479,245,137,519,249,205,448,226,392,441,445,418,483,522,590,293,473,528
4,576,290,504,351,409,268,605,193,284,475,232,171,595,561,399,259,475,489,330,217,214,546,505,586,216,434,161,208,573,277,536,379,593,431,244,417
5,520,299,381,496,571,383,286,581,534,155,175,165,506,494,278,228,544,331,495,483,550,496,364,582,581,533,196,504,435,248,462,400,321,140,521,442
6,601,185,525,161,190,511,175,243,338,237,408,188,391,128,307,317,607,512,394,165,414,550,292,563,469,470,424,347,202,422,204,468,514,519,292,418
7,185,273,265,362,602,281,380,445,323,333,239,225,346,282,227,540,541,388,587,276,224,266,311,318,351,512,526,343,496,248,343,293,142,320,522,200
8,354,296,405,212,407,580,178,418,338,471,485,220,590,326,244,403,536,572,495,420,608,550,594,583,516,267,224,307,137,338,440,236,586,202,379,345
9,258,532,206,161,387,579,517,361,595,403,541,203,508,498,553,531,522,337,364,301,511,502,519,493,179,333,453,519,174,310,489,293,405,448,170,413
10,404,390,447,584,260,589,454,598,412,481,468,169,482,548,300,282,517,231,442,306,526,246,249,572,329,145,269,352,607,548,193,347,227,304,185,536
11,205,337,341,240,262,239,185,281,514,246,394,390,563,405,190,497,226,577,515,283,415,464,310,498,183,576,329,131,371,593,338,517,207,561,393,171
12,146,277,143,190,179,216,216,601,509,139,356,561,512,283,363,205,281,290,266,372,169,254,550,335,582,336,347,346,473,379,211,590,238,377,430,185
13,436,553,244,539,175,295,195,281,457,508,550,474,275,405,334,575,365,556,484,161,209,235,497,207,212,272,454,186,214,439,229,505,480,601,159,498
14,566,184,239,465,377,361,243,429,427,461,553,154,387,430,521,369,324,240,309,552,389,230,571,203,365,464,213,226,235,267,215,458,220,177,423,403
15,446,407,180,277,196,308,521,570,205,457,600,548,347,573,546,460,382,355,458,446,363,490,300,578,179,247,155,137,329,571,172,349,313,597,543,246
16,306,492,578,578,550,544,165,130,597,524,142,173,490,413,189,319,216,220,601,462,485,593,566,422,420,476,452,311,505,207,524,378,299,226,215,345
17,202,497,492,551,606,401,195,513,561,549,482,240,578,373,570,245,190,129,531,279,262,404,544,157,164,207,458,213,282,257,277,162,201,438,315,335
18,563,578,413,474,553,347,344,249,272,457,341,248,230,596,501,132,163,582,496,332,291,578,327,241,444,580,472,347,174,454,146,558,342,181,438,333
19,187,511,497,139,572,265,461,380,267,177,217,601,551,177,489,579,577,387,464,197,285,201,205,499,175,539,550,520,215,201,470,284,435,265,299,266
20,177,280,510,515,545,195,236,274,517,257,289,319,267,429,401,361,378,494,580,526,244,156,244,190,445,602,522,600,419,432,273,390,529,446,374,495
21,474,579,466,130,537,182,386,426,551,572,413,143,300,144,340,251,182,338,393,162,441,414,541,282,232,383,447,200,283,159,579,543,574,211,130,325
22,323,401,494,278,398,354,243,258,407,295,161,251,311,325,458,453,297,372,566,439,393,608,404,228,243,381,313,300,231,134,496,591,353,581,428,438
23,545,432,515,361,523,490,195,315,240,556,468,326,400,370,479,322,548,448,496,257,496,266,150,427,533,489,505,427,483,322,217,386,340,408,596,514
24,433,169,571,572,437,557,505,279,250,401,469,536,567,272,408,260,551,312,312,532,156,162,584,457,534,536,602,394,499,358,561,485,505,186,438,190
25,292,518,580,207,463,394,186,381,480,181,542,356,386,406,213,595,553,421,499,192,201,548,551,388,148,469,310,226,406,234,405,419,394,233,397,280
26,547,201,142,158,191,503,227,164,163,251,387,252,571,318,288,167,466,537,328,211,230,205,421,594,577,580,594,316,232,305,529,606,335,368,395,205
27,365,188,389,566,208,307,303,340,323,421,288,531,426,519,223,327,433,182,455,527,365,191,228,254,380,331,342,225,350,291,428,536,411,451,539,370
28,504,347,399,230,602,246,220,529,263,456,234,196,147,548,189,194,450,276,150,268,240,268,403,502,456,534,351,574,427,373,153,374,600,259,450,216
29,503,501,445,454,378,315,565,157,238,391,396,372,438,443,295,281,447,269,244,597,563,557,398,376,341,371,591,287,291,396,439,233,486,360,361,413
30,135,388,559,196,321,173,447,584,363,157,542,309,463,239,598,332,490,142,314,367,347,280,426,201,168,407,449,168,565,210,494,355,349,239,179,291
31,225,435,396,534,524,489,428,379,383,503,466,510,139,368,334,466,513,483,196,377,174,178,299,507,260,357,403,506,176,411,574,398,418,325,384,136
32,424,484,159,582,421,180,501,129,260,585,286,558,319,219,453,530,598,408,431,571,372,128,185,371,359,213,250,535,176,177,168,353,525,477,229,312
33,189,464,301,201,289,401,175,286,200,541,583,486,192,362,449,342,494,327,134,267,243,447,503,580,269,418,263,434,553,310,601,259,173,230,471,302
34,482,340,400,464,200,207,442,566,420,326,589,212,351,434,250,317,532,545,522,395,562,345,188,324,172,358,602,167,421,248,386,395,596,402,467,292
35,272,497,237,225,347,298,356,429,220,312,493,442,246,529,259,363,474,575,582,271,442,353,211,424,228,209,456,281,394,603,490,183,329,172,285,590
36,371,463,237,275,554,506,514,390,273,604,560,496,554,185,289,265,313,372,436,430,536,572,471,179,510,210,476,262,416,131,409,328,512,443,538,150
37,416,214,196,235,534,228,545,250,259,405,405,545,492,421,246,487,223,290,215,346,548,309,446,302,211,427,227,536,409,375,597,558,466,301,345,217
38,467,207,431,353,292,509,294,377,510,431,558,337,165,578,130,271,213,340,206,332,471,531,595,573,325,537,376,510,352,561,486,137,275,253,458,428
39,396,514,287,292,275,361,368,400,210,406,467,397,608,422,166,504,557,222,602,226,276,563,474,504,414,423,150,230,488,559,263,144,521,213,223,458
40,160,551,474,350,317,278,204,181,403,584,228,460,528,448,375,455,303,362,554,354,476,249,341,290,162,144,470,537,409,569,504,394,147,594,237,246
41,485,299,472,566,392,543,285,324,280,153,548,451,352,506,227,405,375,572,374,266,165,205,371,395,415,302,192,284,578,509,494,361,366,177,476,301
42,540,372,296,511,448,467,425,516,200,380,225,357,387,505,472,522,488,501,428,392,240,428,540,351,128,499,448,325,268,454,340,544,205,211,156,568
43,588,538,421,275,433,584,272,529,338,462,473,414,189,581,464,353,562,470,247,520,542,353,206,337,257,276,597,442,412,358,326,404,588,250,404,511
44,560,354,214,138,325,219,386,175,223,290,195,293,489,200,393,498,361,328,554,293,334,130,291,529,166,177,282,434,510,541,165,409,385,408,402,432
45,423,408,503,183,410,434,373,528,509,584,389,382,336,305,585,532,602,324,300,520,455,190,386,458,228,202,160,367,600,238,454,350,193,485,205,234
46,376,522,358,471,413,455,233,541,229,577,599,225,575,593,367,201,566,486,242,198,556,578,445,547,221,343,249,533,200,167,353,507,146,248,573,237
47,185,591,398,385,411,423,338,373,535,335,501,474,397,290,318,251,467,448,386,328,367,439,167,392,519,291,553,252,239,277,516,151,462,603,252,567
48,580,258,207,536,491,131,221,173,443,540,413,271,128,353,547,160,388,398,541,145,342,520,216,581,483,152,404,136,347,561,444,494,360,282,184,291
49,608,150,542,373,456,233,191,267,225,555,259,442,274,288,249,172,491,320,300,347,515,342,424,573,216,177,366,141,454,472,481,170,306,342,474,408
50,264,288,261,291,599,196,318,348,394,187,499,419,261,570,459,343,396,275,239,395,488,289,288,311,249,403,386,180,303,330,599,371,602,149,140,454
51,396,301,424,323,446,341,523,600,234,271,503,526,493,247,601,542,184,416,440,405,537,129,577,283,321,320,258,231,607,449,213,506,222,549,587,547
52,380,177,296,483,290,496,228,128,478,595,363,292,569,518,299,275,525,373,228,605,267,166,498,176,238,345,530,369,269,177,378,604,315,299,178,143
53,305,433,473,345,395,393,473,263,533,568,304,442,568,553,280,262,608,510,368,164,241,187,137,529,510,446,178,255,333,589,505,572,561,156,595,273
54,333,315,599,445,555,267,353,370,466,554,293,323,585,313,537,299,491,185,177,594,551,200,504,136,387,571,475,134,447,364,377,422,412,290,508,421
55,343,370,562,144,287,397,181,274,204,578,565,372,399,555,146,137,472,151,536,472,404,364,524,213,494,545,436,196,212,322,219,408,287,137,337,224
56,294,191,234,337,457,589,146,564,367,208,322,530,139,202,479,352,312,362,228,432,552,307,205,189,444,530,352,480,282,449,352,380,555,477,249,317
57,534,283,338,385,304,356,221,540,136,567,604,175,375,234,520,451,141,207,514,474,130,406,168,415,268,366,530,471,501,516,456,508,201,268,519,413
58,134,173,424,188,331,197,348,392,461,507,351,534,569,190,302,442,287,154,206,135,602,197,370,324,598,490,187,276,207,333,307,574,176,148,502,430
59,544,259,397,338,565,294,223,190,493,341,594,455,286,157,605,480,223,534,129,582,283,199,570,135,549,187,579,376,437,203,373,226,408,558,593,301
60,417,172,340,239,295,357,256,243,425,132,543,496,177,152,498,598,488,176,250,526,600,519,266,357,542,210,228,466,500,538,349,171,475,386,282,352
61,551,234,287,466,533,139,178,608,166,203,525,316,512,352,270,190,389,412,424,181,258,473,170,458,414,380,312,298,461,512,172,146,559,279,374,454
62,369,380,408,199,521,323,445,335,470,173,584,380,568,575,562,607,557,468,432,138,507,456,182,515,594,137,349,388,197,456,244,203,481,606,472,219
63,367,496,204,301,462,564,199,213,252,584,377,275,152,390,399,556,351,290,456,586,331,403,439,416,264,298,249,365,136,171,210,562,156,161,531,226
64,187,266,478,168,409,298,469,211,332,208,200,350,429,538,227,248,242,360,233,452,135,193,255,319,407,563,551,175,224,176,363,144,216,439,347,299
65,375,221,163,251,339,322,587,134,549,208,240,297,515,322,518,566,265,275,287,268,390,436,564,531,506,345,601,604,543,265,141,404,329,168,415,192
66,502,175,388,256,332,500,433,184,182,183,197,521,370,134,600,478,384,460,510,163,432,456,589,464,473,477,208,601,356,248,276,437,147,574,440,244
67,581,453,500,506,342,553,536,598,397,589,135,429,487,353,491,506,181,189,261,421,203,400,467,501,164,428,558,484,533,480,505,260,367,549,130,174
68,177,285,269,543,143,182,309,200,207,476,571,459,257,225,413,469,457,219,190,349,211,279,328,138,389,340,522,442,371,564,439,454,342,237,234,606
69,534,559,553,418,284,245,133,518,504,351,521,487,385,502,229,444,359,303,542,166,277,134,492,157,184,285,409,358,280,561,432,205,278,252,527,584
70,342,338,385,142,405,294,542,363,199,292,350,319,509,558,331,169,256,242,217,530,366,406,212,602,318,239,272,326,178,146,314,603,298,180,299,463
71,354,445,542,599,464,310,307,220,180,514,536,149,429,564,410,480,186,140,401,462,419,181,316,264,297,308,283,268,243,547,508,215,543,405,474,414
72,132,341,523,221,419,397,608,298,531,193,587,250,434,306,415,271,473,325,239,468,193,349,164,295,426,251,255,164,451,310,421,147,501,164,337,501
73,162,451,518,386,224,410,398,147,545,301,555,318,284,504,563,412,375,529,208,349,157,576,484,512,490,440,283,142,142,343,544,546,351,389,202,440
74,404,161,369,400,393,357,394,503,537,173,254,207,602,391,353,360,512,399,454,570,342,360,563,551,606,390,302,305,475,445,252,368,552,533,436,342
75,512,569,289,561,325,453,496,443,400,188,351,569,295,577,205,414,263,433,417,310,138,604,237,510,489,282,389,186,173,474,435,537,286,155,399,528
76,273,317,430,555,456,132,519,133,543,339,604,506,489,307,529,325,425,196,294,140,187,582,349,232,412,251,448,190,560,448,401,592,588,157,468,234
77,265,594,551,171,158,238,274,385,317,173,461,401,603,175,214,213,571,559,264,147,583,322,243,560,176,467,357,587,148,170,210,291,208,283,366,439
78,374,203,411,367,152,328,273,234,188,148,168,263,496,377,468,597,460,443,135,243,503,473,541,248,193,489,356,418,391,469,590,174,219,508,143,449
79,251,292,503,415,272,301,195,498,281,202,262,397,559,418,242,417,555,258,517,412,308,486,197,556,286,546,441,561,479,489,356,171,488,406,224,539
80,128,489,558,542,292,175,239,580,179,438,442,291,445,209,290,467,497,279,180,590,264,580,583,570,390,194,432,389,297,477,444,152,356,129,341,506
81,600,269,154,452,280,536,168,263,288,244,226,572,196,377,148,381,525,548,351,182,191,277,545,327,341,518,513,295,402,248,181,587,461,437,395,593
82,294,390,301,515,290,424,211,365,410,420,241,188,473,579,604,322,279,149,489,452,526,326,224,360,177,385,143,386,373,596,156,347,506,162,388,138
83,250,486,232,580,435,436,482,344,295,227,137,601,552,329,481,468,472,561,379,455,267,457,299,233,143,407,542,206,346,506,448,387,579,201,515,223
84,288,256,195,534,179,245,574,584,467,187,244,268,208,497,141,421,370,136,461,460,404,167,296,195,517,296,431,219,315,340,418,344,344,593,442,387
85,272,159,199,322,460,590,317,434,600,500,189,328,388,535,365,232,236,340,564,328,391,128,465,509,345,288,514,385,494,331,159,421,439,603,316,592
86,239,563,397,562,351,394,284,599,257,227,484,410,570,349,563,557,267,519,202,230,397,552,306,398,388,531,261,379,451,343,370,278,204,573,228,469
87,352,267,451,169,478,278,486,213,148,148,278,488,368,544,424,152,360,462,205,249,169,434,292,363,500,314,413,283,216,393,427,495,299,298,451,451
88,129,561,240,274,243,491,263,566,444,483,226,367,247,423,153,547,530,549,172,263,345,426,341,444,592,373,536,179,527,590,546,591,479,362,479,185
89,433,520,378,399,342,152,495,432,284,546,308,248,351,546,462,237,175,505,608,282,422,577,523,521,591,489,173,540,367,313,379,371,225,316,525,251
90,294,197,393,301,477,251,168,414,559,196,569,365,345,514,596,147,456,569,458,160,321,379,470,472,475,444,379,130,466,235,312,599,383,495,522,424
91,413,155,315,205,336,588,348,445,477,451,489,382,578,352,210,462,203,493,280,393,292,479,368,588,540,262,566,154,308,490,465,298,436,265,257,402
92,386,581,559,489,422,262,508,403,174,496,326,502,538,380,522,436,582,381,535,487,529,464,421,470,420,390,564,491,361,379,502,372,169,248,500,240
93,465,478,380,198,136,336,136,488,207,403,460,350,192,461,420,302,170,336,546,411,598,151,221,531,249,504,508,448,273,370,353,439,464,321,195,491
94,472,466,271,389,457,552,390,256,551,336,150,605,548,534,484,151,309,298,397,548,229,231,396,468,516,470,296,571,258,277,298,412,287,233,421,512
95,603,338,472,347,586,434,542,433,345,226,436,535,526,443,363,224,176,421,356,215,398,369,269,398,280,507,215,151,253,298,142,453,457,448,522,291
96,455,530,559,384,419,554,339,519,333,498,542,255,312,594,199,292,547,392,525,344,580,605,472,146,144,408,564,295,216,539,239,218,592,132,523,482
97,145,384,172,599,391,550,208,164,577,588,195,139,532,145,493,509,403,231,190,584,227,461,178,134,206,516,138,247,159,599,279,220,249,211,208,132
98,386,215,187,345,329,452,310,495,216,213,576,212,181,282,151,564,590,297,259,378,575,395,516,564,165,549,358,482,325,153,259,146,300,225,526,336
99,414,348,591,526,513,129,557,558,377,459,369,320,188,169,154,358,590,366,296,137,369,262,184,503,135,444,534,261,592,205,553,523,355,302,274,393
100,300,218,297,379,309,160,141,260,485,168,299,474,393,435,238,446,211,325,254,314,270,249,219,574,270,147,386,605,515,358,440,306,411,569,296,196
101,317,506,557,566,528,272,525,316,478,597,407,408,573,425,530,497,497,354,152,204,367,201,405,136,586,173,342,558,522,254,308,403,188,300,213,505
102,459,560,136,133,466,539,555,354,536,459,208,557,329,143,486,375,492,196,544,347,495,275,361,421,560,453,225,345,486,204,477,374,240,296,566,304
103,450,602,168,199,172,304,271,310,524,376,558,185,359,194,455,311,197,289,137,365,436,362,326,482,423,309,251,562,605,153,521,344,550,406,508,301
104,156,467,536,177,130,215,168,185,468,284,420,511,332,504,431,599,527,458,173,275,370,147,352,447,404,525,253,268,463,348,374,145,584,478,181,244
105,500,390,167,290,314,436,362,189,365,594,243,413,555,591,307,421,191,296,401,367,237,383,202,242,152,395,600,587,172,286,245,498,431,498,341,399
106,385,565,304,438,577,239,217,506,320,533,452,256,512,209,272,314,139,319,414,535,369,385,552,379,365,260,130,447,297,573,518,477,384,586,350,147
107,310,455,395,400,514,600,166,130,130,422,593,172,197,152,472,371,323,136,162,319,533,419,430,360,420,526,491,380,180,480,592,165,565,182,227,447
108,188,528,161,571,372,399,407,392,238,357,430,392,186,573,323,469,166,262,322,132,565,331,441,302,316,170,210,187,421,558,531,136,239,261,466,412
109,186,455,452,351,541,240,308,217,247,137,318,365,225,311,187,607,368,485,354,350,156,204,531,346,486,564,607,398,273,401,580,476,148,531,274,175
110,448,164,281,514,134,575,158,516,376,179,329,228,237,161,413,510,260,270,250,477,472,384,313,455,222,590,555,152,235,399,192,245,586,311,163,423
111,559,398,498,602,150,325,332,160,443,528,414,533,210,516,504,526,316,402,314,392,591,399,408,440,128,213,385,604,389,422,456,371,348,356,373,478
112,360,422,393,195,377,573,214,593,299,239,376,481,239,558,156,336,339,449,140,564,396,162,205,220,375,567,520,299,312,294,541,345,389,266,278,558
113,242,332,431,590,128,263,563,365,150,170,566,236,469,147,497,159,432,189,249,310,188,559,377,507,235,255,301,462,255,512,170,135,136,306,200,454
114,558,291,267,486,340,247,594,419,158,467,495,475,353,241,174,267,236,500,189,487,538,521,293,363,436,449,185,266,295,480,390,382,520,602,418,460
115,238,164,205,266,487,593,451,461,405,218,574,356,606,588,204,264,490,331,477,566,456,461,589,541,192,240,414,254,394,416,529,588,183,511,492,329
116,524,280,383,590,548,583,319,224,387,486,406,564,282,336,129,451,543,203,470,442,588,319,265,602,359,377,306,550,582,589,481,602,141,366,160,602
117,321,308,193,519,514,162,580,360,204,265,227,302,296,601,154,565,364,242,301,408,334,242,268,337,189,245,513,178,382,581,267,591,252,503,407,150
118,270,144,540,254,309,362,247,554,288,583,453,315,137,551,232,279,518,566,564,218,304,256,449,517,272,432,601,171,135,145,503,472,337,513,217,186
119,303,147,267,332,588,179,158,367,200,583,511,186,558,193,563,550,570,487,302,499,263,153,392,151,385,240,485,390,240,237,435,261,219,206,577,333
120,463,320,472,426,479,477,370,230,137,218,553,481,423,545,543,497,553,281,147,380,129,422,388,569,536,339,311,419,501,417,571,442,469,321,354,272
121,394,149,325,463,493,340,586,597,217,450,216,469,367,251,469,482,511,163,180,305,398,476,559,385,451,211,336,378,514,435,409,326,369,196,150,542
122,216,351,569,134,335,430,218,226,510,192,273,452,569,335,395,400,498,364,531,540,528,230,474,354,563,316,328,545,519,239,488,315,322,405,216,286
123,136,514,157,550,483,211,327,562,397,371,291,276,235,263,492,157,582,244,296,182,554,154,379,586,178,368,250,162,320,537,195,163,366,532,556,470
124,280,548,510,557,374,489,566,185,290,231,186,601,445,205,240,293,597,136,143,219,572,495,418,392,468,405,387,477,317,417,504,459,590,339,293,412
125,202,567,130,391,378,203,501,162,337,362,482,222,291,497,138,458,232,407,434,469,425,241,205,505,390,342,273,160,163,171,445,158,179,159,406,412
126,272,277,290,213,496,128,184,298,595,130,536,465,466,262,246,399,315,167,318,352,189,514,308,493,535,318,166,184,533,459,384,474,459,216,304,606
127,212,463,158,593,342,358,391,585,597,492,227,198,259,557,541,503,545,468,429,577,305,268,185,134,205,444,151,581,221,134,438,325,442,349,297,207
128,423,206,355,530,174,280,170,501,389,210,256,572,453,139,581,352,484,346,541,345,338,262,491,360,219,527,172,525,208,535,202,213,363,175,141,213
129,406,472,497,159,502,159,571,278,224,177,135,171,568,450,457,312,249,314,492,396,602,211,191,238,494,210,164,288,460,411,380,561,438,508,317,182
130,420,253,572,257,296,406,575,289,469,552,300,471,270,487,476,405,402,457,221,292,432,385,154,349,266,317,165,381,499,347,315,212,459,292,343,209
131,257,365,313,512,157,530,340,332,507,180,451,252,545,320,234,593,134,352,552,139,215,334,577,307,170,180,233,541,246,594,322,537,357,239,213,479
132,461,186,534,579,135,557,313,318,576,141,250,394,599,305,343,451,430,495,293,189,387,270,393,459,387,412,307,249,336,391,132,170,293,454,223,478
133,309,460,336,417,207,590,562,598,542,260,182,575,342,245,210,250,276,536,223,262,360,226,160,146,394,270,371,165,242,210,504,523,353,194,401,338
134,316,381,414,197,209,156,455,158,401,153,562,512,492,320,214,320,556,379,483,551,299,387,332,572,258,172,402,557,433,409,334,262,137,148,355,344
135,302,562,370,314,314,203,502,404,439,262,588,434,471,436,555,176,341,161,144,210,129,145,450,250,145,140,185,422,241,445,383,510,602,212,522,318
136,562,145,489,259,553,270,327,493,337,181,573,320,596,555,162,266,185,192,408,459,235,446,331,161,524,257,207,241,526,519,131,554,271,179,514,356
137,454,371,560,198,294,221,561,571,440,415,446,303,321,474,277,248,516,253,524,577,223,534,492,393,603,289,222,535,484,221,429,182,225,378,341,472
138,322,603,375,385,490,538,444,586,242,542,154,275,271,474,320,564,564,494,274,302,323,167,553,464,422,185,239,251,373,556,194,174,321,605,349,467
139,601,386,480,366,150,164,170,559,207,464,298,344,459,149,592,363,215,458,523,173,308,280,295,259,444,181,447,327,447,376,204,139,149,522,328,497
140,367,569,290,397,183,176,356,549,594,459,483,543,394,143,435,544,558,223,481,474,583,313,211,463,350,449,207,192,519,329,134,270,305,267,355,589
141,207,249,174,368,294,169,361,558,569,461,310,275,288,344,394,478,223,154,225,541,283,162,580,409,310,513,166,174,443,204,336,249,346,601,530,303
142,351,195,131,327,364,377,254,189,242,198,221,317,277,288,351,201,407,459,573,549,518,279,370,461,604,207,366,172,302,539,342,434,594,221,189,208
143,552,577,424,364,338,571,588,157,400,194,572,159,509,506,237,436,317,371,358,130,179,189,469,152,235,494,302,432,215,213,338,542,162,407,188,224
144,517,325,566,365,493,456,273,410,534,514,385,460,294,306,444,339,171,179,449,543,213,451,339,192,333,430,459,187,511,187,278,393,337,209,466,415
145,421,608,269,562,427,532,466,258,171,137,179,370,145,423,475,377,375,316,537,476,577,591,594,246,173,604,364,600,381,250,189,185,438,487,309,151
146,310,512,448,201,367,390,599,363,562,558,453,299,292,376,153,296,259,535,559,143,524,300,488,519,201,393,350,552,582,174,273,211,212,393,204,566
147,147,385,350,144,497,265,241,306,568,579,479,176,493,205,180,411,537,182,366,523,248,299,444,365,259,129,163,403,462,244,308,601,412,497,397,557
148,596,493,129,332,478,563,258,241,468,375,428,406,195,528,473,273,527,369,186,234,432,595,203,520,378,150,395,537,238,418,471,454,281,302,402,474
149,265,223,241,282,179,253,306,493,537,334,172,376,380,354,442,167,505,242,508,342,224,283,255,428,186,241,265,410,391,139,496,600,568,415,273,189
150,282,263,162,133,461,212,254,369,356,194,512,529,150,589,580,456,136,260,440,391,556,206,175,537,131,511,449,321,368,322,443,409,409,305,226,230
151,179,263,287,353,246,584,484,478,554,359,422,263,324,161,190,170,196,315,459,546,345,320,419,533,562,364,487,489,378,314,202,431,338,329,479,189
152,507,214,285,548,198,312,133,320,546,516,415,170,495,419,523,468,347,384,563,261,415,352,363,554,487,186,142,288,402,373,300,252,289,325,594,369
153,490,324,281,477,579,335,540,269,339,191,162,237,332,281,138,152,526,323,368,577,405,506,230,128,565,225,383,447,314,430,245,420,545,202,333,179
154,341,232,409,130,156,523,517,220,196,215,168,164,261,340,475,542,475,306,272,408,540,585,411,216,578,529,471,415,557,450,553,189,573,296,291,271
155,275,162,458,283,459,384,445,300,186,297,179,467,604,429,301,180,486,528,240,466,235,163,220,535,300,344,480,154,278,309,149,542,407,300,449,131
156,506,341,530,199,362,543,402,553,454,368,147,499,567,325,171,544,308,298,604,545,541,533,409,205,533,324,397,477,361,259,339,496,438,463,214,580
157,562,543,464,198,545,499,216,434,574,150,396,232,375,385,550,197,229,425,589,467,159,138,339,249,462,557,181,133,567,603,582,342,257,425,158,328
158,196,506,543,384,470,453,294,263,532,488,386,203,584,392,138,214,132,461,233,203,240,396,153,415,517,540,571,344,490,130,307,569,524,249,480,565
159,381,346,482,507,496,351,547,578,514,418,390,324,466,232,398,607,170,506,533,195,359,383,444,360,463,317,412,134,437,398,330,581,554,254,553,278
160,300,231,543,511,145,422,297,481,223,531,550,313,315,580,338,302,248,204,373,244,213,603,384,583,249,405,210,159,588,348,186,302,449,411,607,296
161,595,413,478,579,209,455,292,320,602,467,219,325,529,514,488,408,557,209,289,425,532,136,319,212,171,393,267,319,286,211,173,325,237,411,555,450
162,389,384,417,539,499,411,585,430,222,290,167,186,372,273,299,539,218,441,481,194,602,320,162,503,491,167,144,170,440,574,316,250,351,247,240,480
163,174,416,467,212,213,205,596,154,560,223,190,285,187,321,247,351,264,404,254,563,407,136,240,339,377,140,318,325,193,372,200,549,287,359,262,458
164,197,278,380,581,447,222,218,384,536,461,162,361,359,246,485,239,383,447,244,188,284,244,259,436,293,227,262,420,289,354,449,587,481,159,571,182
165,192,458,234,495,385,245,486,214,250,406,593,377,130,139,415,378,294,426,433,150,340,211,230,572,572,401,177,578,244,557,413,264,552,469,152,307
166,493,508,373,489,490,424,270,340,316,224,334,334,557,468,135,418,453,469,277,249,180,380,537,493,388,592,377,496,481,479,141,186,512,331,605,599
167,170,548,596,368,570,295,155,467,561,494,181,299,562,355,404,159,292,483,393,535,548,577,277,516,159,151,251,199,347,389,545,227,277,278,262,563
168,329,313,311,374,448,589,172,229,498,500,484,524,479,555,547,262,419,158,590,460,164,271,238,147,237,177,367,161,176,285,468,537,251,529,384,377
169,305,318,213,471,260,468,186,569,424,534,297,140,434,373,368,211,141,373,470,426,485,385,528,316,313,495,578,133,543,351,253,434,468,447,299,167
170,388,591,397,133,253,461,455,547,187,511,289,320,185,571,591,378,516,305,544,482,291,162,493,253,233,193,149,266,152,407,342,475,408,556,346,195
171,466,307,351,358,454,146,259,184,300,230,595,219,463,482,556,287,214,145,593,292,440,573,495,452,413,212,576,433,344,315,431,237,288,415,266,375
172,187,488,570,544,410,239,326,240,520,391,382,475,145,468,348,219,431,587,347,508,304,148,550,248,445,433,565,356,582,172,174,191,494,267,346,466
173,257,374,382,342,315,500,219,298,412,228,176,382,216,422,332,536,460,197,282,384,582,214,571,372,550,495,274,365,534,159,233,551,224,340,583,217
174,170,129,268,539,494,421,529,461,227,397,434,439,247,136,256,502,374,395,562,134,420,473,604,424,223,392,503,221,254,366,226,515,501,350,533,305
175,354,360,353,189,209,580,253,530,239,452,240,399,324,381,447,129,527,259,472,368,283,248,261,163,297,328,354,406,151,280,541,222,471,433,354,378
176,130,488,427,253,210,374,330,169,346,424,572,167,199,209,312,301,375,355,237,263,303,479,410,276,491,318,343,529,399,356,358,128,543,505,177,488
177,359,358,555,485,397,598,144,158,590,578,140,274,498,314,354,285,356,379,478,238,173,451,408,530,220,322,360,363,574,134,274,363,169,534,255,519
178,226,405,574,288,279,570,174,431,531,386,409,405,230,245,367,173,171,586,407,183,485,572,496,607,559,201,586,460,267,511,506,263,316,311,275,152
179,156,545,553,388,299,416,585,147,547,378,401,370,240,324,481,178,362,440,507,387,153,389,578,411,227,142,207,210,266,149,337,425,257,317,472,420
180,206,194,208,154,513,392,223,397,211,297,308,187,312,351,196,302,275,312,397,302,553,402,322,560,531,417,403,249,246,382,234,206,523,510,196,504
181,499,464,525,364,170,545,511,151,532,317,426,530,181,472,271,296,593,333,383,289,183,423,167,233,549,414,379,188,246,295,602,373,368,227,471,469
182,461,420,341,216,596,399,456,429,146,286,174,186,174,379,532,506,360,534,232,534,272,579,515,386,504,231,144,278,495,404,294,524,189,158,391,576
183,442,479,555,272,191,520,191,300,451,506,143,589,603,458,411,182,589,599,304,469,152,392,380,410,607,151,504,387,571,508,315,580,544,409,206,398
184,128,172,357,321,132,148,183,291,152,316,173,508,395,412,189,369,350,167,462,327,562,397,505,269,580,160,290,207,301,286,399,572,268,245,599,488
185,563,293,352,286,550,538,337,590,271,530,512,257,539,544,370,555,509,489,145,169,524,286,394,411,504,361,379,322,496,161,401,419,354,371,537,238
186,498,139,507,234,361,526,155,210,315,220,433,445,145,286,237,295,438,453,424,408,262,397,431,260,175,184,546,340,568,454,300,142,280,465,468,529
187,267,457,173,379,523,483,563,405,579,397,570,294,139,132,207,286,503,369,244,196,553,218,191,423,312,242,222,383,168,429,210,197,588,603,466,481
188,171,188,464,486,607,553,336,474,348,380,306,547,202,473,547,369,305,281,242,453,177,231,354,534,585,153,489,413,331,428,320,143,233,517,369,247
189,484,469,490,517,236,331,149,285,251,419,208,590,425,178,308,577,600,134,537,190,387,608,506,497,431,237,224,497,603,403,550,472,296,553,316,400
190,376,288,471,439,549,493,397,592,367,270,362,231,594,139,569,555,458,195,473,279,250,286,295,462,577,473,337,599,325,151,551,350,510,176,330,135
191,267,525,148,458,536,162,556,521,338,415,239,306,179,376,132,422,506,359,264,391,233,393,603,387,409,175,242,370,233,208,508,259,472,485,451,346
192,174,180,582,351,323,365,557,589,483,570,438,498,368,237,304,408,317,536,525,129,436,438,216,191,191,208,206,255,452,465,161,298,247,322,393,461
193,449,235,281,199,510,291,173,357,459,316,594,159,454,337,192,539,297,198,570,514,150,409,523,187,149,404,566,415,385,176,180,577,482,556,601,327
194,211,339,260,461,146,153,269,438,347,210,270,229,556,549,313,359,373,536,503,570,472,144,313,325,393,433,576,375,513,521,495,379,529,477,533,377
195,602,577,134,137,408,278,372,433,261,416,590,598,604,467,358,330,215,303,478,394,261,259,291,213,240,272,357,462,381,336,245,159,545,578,442,607
196,193,333,281,576,355,413,324,502,487,522,267,523,268,463,424,486,161,168,444,278,510,215,262,353,256,132,188,486,384,551,587,139,607,525,596,571
197,187,232,322,422,137,138,189,404,344,511,147,184,202,553,361,453,578,267,421,173,211,176,206,413,343,253,288,299,212,246,593,371,489,546,324,284
198,159,510,529,259,594,482,294,309,503,517,185,556,278,306,453,206,466,300,579,387,266,499,594,398,270,561,458,546,229,269,503,401,535,174,136,373
199,226,339,320,233,251,350,160,427,167,575,398,129,405,536,361,576,314,362,494,468,228,485,473,493,202,324,157,469,485,431,563,134,400,300,226,409
200,546,479,335,299,159,354,434,163,447,354,270,229,390,163,203,458,320,244,253,536,295,288,461,151,601,495,433,324,296,475,175,573,276,279,180,411
201,466,537,568,377,169,445,352,426,231,245,437,516,528,226,502,184,588,330,150,436,198,433,576,270,444,533,433,604,186,167,283,215,176,257,408,153
202,466,424,390,203,247,603,176,418,396,606,505,159,535,179,488,363,356,601,128,415,393,180,562,332,283,543,584,445,277,137,263,523,160,146,556,538
203,220,344,504,581,581,142,267,173,267,535,444,225,363,417,480,555,193,521,457,139,565,603,456,433,262,385,574,508,582,569,557,589,230,328,345,320
204,342,464,348,586,483,422,351,181,259,514,152,166,510,460,403,461,560,297,525,204,492,370,335,562,394,408,442,369,362,391,379,425,260,305,154,539
205,351,592,310,548,520,297,203,516,539,428,596,203,292,534,273,356,403,490,310,190,251,263,464,166,403,198,601,470,204,294,349,346,204,448,329,348
206,404,321,414,253,361,366,130,142,316,582,129,401,262,506,526,303,196,529,327,318,409,244,263,256,420,415,249,537,319,357,482,602,218,296,479,575
207,595,169,416,234,601,306,519,400,367,278,514,386,555,594,133,226,342,313,180,348,264,169,282,250,169,371,569,536,193,446,513,393,472,519,381,521
208,138,186,344,150,593,408,183,219,517,442,245,431,553,294,379,348,578,237,608,550,543,262,505,527,342,495,528,573,422,575,473,511,385,372,520,461
209,560,354,568,378,499,223,303,450,358,474,217,434,602,514,135,367,339,159,188,425,233,154,414,342,180,367,480,576,603,363,296,351,562,346,143,187
210,371,240,423,245,474,375,374,154,309,319,339,339,425,366,293,467,579,131,379,265,581,351,560,533,204,133,408,555,334,280,516,216,243,370,310,343
211,493,505,148,282,186,567,552,400,285,273,479,437,592,148,294,296,163,238,444,422,184,603,500,594,476,289,472,135,186,210,350,446,211,293,207,190
212,468,509,251,487,424,189,272,465,266,585,434,308,366,492,482,523,248,524,553,528,169,441,304,365,213,156,270,458,606,483,514,362,268,484,279,568
213,362,331,521,584,290,519,381,423,445,484,570,399,602,250,202,361,394,173,514,430,235,213,423,465,187,453,481,448,232,539,255,159,318,264,283,561
214,412,430,250,254,501,210,558,498,543,309,362,493,521,544,236,421,171,580,385,191,605,496,539,535,289,590,254,264,388,194,309,571,225,175,334,463
215,546,261,249,292,423,412,414,258,449,483,196,430,458,425,328,371,336,422,238,290,184,317,439,598,216,406,541,386,554,253,372,367,555,296,134,529
216,322,356,307,141,324,494,346,555,210,474,455,275,147,418,153,175,462,475,395,486,352,505,249,216,596,239,208,395,531,477,379,381,408,541,486,558
217,526,187,259,213,556,591,532,527,229,432,399,532,382,167,361,238,520,443,590,395,305,506,315,186,150,265,376,161,553,159,449,267,249,163,264,486
218,453,457,496,466,200,562,241,349,278,471,254,446,549,302,352,347,229,510,573,557,258,182,517,209,155,236,537,154,161,150,149,381,525,258,271,595
219,306,143,163,510,247,550,508,163,469,274,423,385,529,285,546,193,210,377,219,156,312,402,578,598,385,593,447,170,337,602,406,555,165,354,231,165
220,406,494,270,458,285,286,461,253,265,474,524,161,491,147,354,404,561,504,389,486,445,225,541,282,207,590,390,351,221,286,374,156,318,556,196,608
221,496,267,383,393,304,406,361,407,417,220,554,220,181,397,164,145,158,561,564,463,483,442,593,365,514,534,399,602,283,549,453,150,348,140,146,165
222,235,346,205,335,252,253,458,146,383,577,283,204,464,240,437,235,133,311,457,195,484,597,222,215,363,452,507,128,321,273,142,215,216,532,298,367
223,164,468,424,304,467,532,164,368,194,384,490,234,275,522,543,145,395,475,380,474,438,458,499,358,289,300,471,246,402,183,163,562,190,523,193,466
224,214,505,155,283,275,597,322,605,517,181,595,436,186,321,174,448,579,162,332,169,274,550,269,310,500,465,179,456,435,409,388,219,479,387,364,545
225,228,497,179,399,532,467,601,263,132,247,336,557,574,159,595,248,195,431,311,510,572,464,570,394,280,281,319,588,605,450,202,270,275,282,418,233
226,605,185,260,347,276,505,447,581,178,237,138,147,564,464,375,269,253,130,524,305,314,331,204,515,601,493,559,154,334,506,324,269,188,280,448,568
227,324,168,278,189,461,329,327,509,467,305,428,488,300,577,169,494,270,332,601,431,176,213,221,415,483,311,202,513,566,274,430,175,478,548,255,333
228,235,369,315,381,297,565,566,443,244,347,201,293,533,355,515,216,166,166,329,525,405,309,380,232,199,484,560,349,534,446,337,226,399,531,505,449
229,558,416,536,337,512,537,301,134,332,340,579,551,187,399,221,263,601,281,318,188,386,451,135,555,412,419,545,518,445,317,426,556,360,275,351,188
230,173,563,203,303,319,541,346,534,411,457,402,528,536,580,548,378,406,528,275,409,355,485,489,188,188,190,428,350,444,273,258,546,262,382,375,492
231,205,503,467,385,538,550,416,372,431,333,511,473,351,186,153,191,225,318,259,547,387,212,263,596,495,150,186,466,138,576,475,576,540,308,574,265
232,573,264,495,595,490,286,406,590,263,555,496,596,525,574,495,183,343,176,247,302,534,473,358,328,552,231,356,442,517,433,432,412,600,361,319,256
233,217,301,253,505,303,321,555,229,154,547,256,599,260,337,441,572,169,229,588,551,212,448,244,600,466,504,436,599,292,540,375,432,311,320,587,318
234,307,497,199,550,318,263,431,217,295,275,137,565,445,301,298,572,587,469,423,324,446,149,523,337,590,236,140,273,381,452,579,523,339,164,351,266
235,471,550,423,451,559,408,231,583,289,288,413,240,226,434,387,519,508,422,413,576,525,143,256,554,593,406,316,434,173,156,413,236,137,431,258,432
236,337,583,390,334,334,224,197,197,463,273,436,495,242,241,447,148,177,545,221,490,260,132,516,534,491,406,233,149,241,564,298,143,571,178,445,569
237,566,495,350,487,146,515,475,362,428,408,178,346,429,555,451,493,269,301,363,154,198,300,492,397,289,181,534,480,158,228,236,340,374,498,352,298
238,516,351,350,421,533,449,203,217,585,221,174,566,312,365,541,490,165,236,547,444,167,479,299,292,164,368,210,173,168,524,199,431,198,184,407,438
239,550,220,524,153,190,311,474,166,421,140,331,175,414,241,243,285,454,582,345,222,546,591,415,506,309,377,159,243,337,215,608,304,138,535,493,527
240,164,377,188,523,500,459,583,375,145,301,205,227,197,248,479,239,498,516,270,313,208,447,226,179,351,268,570,576,443,406,221,368,216,304,523,280
241,349,398,318,389,608,280,271,567,573,602,545,545,342,323,245,297,423,210,230,302,479,428,347,432,372,515,229,530,399,437,347,232,503,297,517,416
242,432,318,337,376,397,593,542,412,330,438,376,595,329,325,212,382,541,526,352,506,340,428,500,417,252,416,183,363,264,394,240,209,434,167,407,590
243,358,210,180,485,589,513,220,440,186,308,141,304,378,509,136,168,512,594,283,518,335,280,516,380,563,267,434,208,331,507,395,491,391,246,169,563
244,387,435,506,181,390,279,207,272,216,377,593,550,172,496,594,129,370,169,336,549,222,514,464,382,516,550,402,508,321,606,487,240,608,162,374,516
245,387,532,345,524,160,579,155,570,574,294,298,501,190,365,152,596,267,398,206,132,584,408,310,171,582,297,224,191,538,313,588,401,210,222,242,544
246,410,429,247,543,345,260,266,337,434,435,535,592,393,357,367,589,380,426,348,497,524,355,564,528,286,574,291,592,279,427,393,446,515,197,365,567
247,150,474,501,425,392,532,276,355,523,581,511,368,600,354,161,166,329,299,578,466,571,193,290,491,243,166,505,307,415,238,501,413,420,385,537,542
248,479,384,211,335,389,376,495,244,291,379,607,353,409,216,458,539,535,484,291,571,560,138,372,153,421,457,236,416,324,322,565,368,311,265,207,317
249,298,394,365,232,428,467,259,201,256,421,396,439,328,300,170,197,145,385,388,246,341,259,397,170,381,340,365,517,373,227,541,299,297,406,155,515
250,494,472,398,137,190,428,138,273,329,572,392,162,605,556,285,517,293,289,343,429,593,258,566,318,294,152,254,244,593,529,388,355,572,314,291,397
251,359,391,189,194,550,527,440,384,310,388,588,301,159,265,520,320,455,550,261,149,508,349,509,521,393,298,604,304,591,411,139,398,149,526,536,239
252,190,155,460,315,483,265,402,359,391,443,240,131,406,277,444,549,599,276,574,271,432,259,351,183,252,457,316,153,475,402,509,326,443,587,304,592
253,281,510,542,186,253,402,576,479,426,327,470,347,594,329,384,428,174,530,408,563,214,500,274,196,175,191,586,404,399,554,419,495,503,413,234,593
254,335,495,478,352,389,361,488,246,158,534,238,240,476,513,475,579,181,436,511,216,151,352,535,278,605,516,600,237,226,416,556,492,548,438,443,488
255,383,478,543,453,357,318,201,388,276,188,157,280,164,214,273,602,374,248,593,152,445,559,244,592,240,251,393,436,288,201,383,330,338,441,256,558
256,514,442,355,351,585,530,554,516,272,602,221,291,489,468,472,385,262,160,390,194,392,177,334,459,255,313,320,167,367,374,468,453,347,507,425,570
257,352,582,491,232,217,488,444,192,505,541,432,572,309,157,461,503,313,407,555,195,219,204,495,247,315,435,605,562,476,405,441,420,180,391,226,510
258,207,330,578,217,227,558,413,404,227,238,331,164,204,332,200,535,271,185,351,409,406,143,192,294,240,293,478,443,259,355,129,491,309,328,451,133
259,538,242,430,206,324,344,535,605,462,445,171,376,577,263,586,429,250,572,271,376,266,418,458,313,436,402,220,221,483,138,461,245,268,450,346,337
260,305,593,428,533,543,324,271,387,586,333,302,138,301,529,397,206,439,254,506,301,503,516,259,128,559,314,254,294,256,420,428,578,595,219,390,323
261,136,463,234,235,222,417,224,168,547,501,163,169,470,139,144,357,362,356,408,245,242,131,461,426,168,583,487,432,371,526,552,140,417,523,288,353
262,173,185,131,154,318,437,561,223,421,607,608,431,390,392,295,238,556,431,591,176,303,336,305,198,183,388,298,271,318,362,396,441,385,231,229,419
263,347,189,281,239,607,574,381,367,482,573,403,466,362,520,228,606,501,462,587,145,586,228,191,369,273,142,564,416,279,566,331,300,555,133,130,457
264,261,228,264,500,499,316,523,204,533,567,544,567,594,398,344,473,566,268,185,177,570,421,298,237,487,253,264,185,359,425,292,323,297,425,385,386
265,222,527,350,438,261,466,132,368,332,525,202,531,400,257,332,535,466,459,245,576,230,144,349,526,392,590,130,496,470,187,290,300,391,486,360,502
266,548,347,321,141,558,377,252,218,147,280,437,558,395,158,489,288,164,132,148,317,274,165,205,276,550,285,193,337,211,528,468,320,470,526,458,607
267,146,175,267,493,389,585,404,166,462,223,439,325,419,288,306,279,172,372,367,578,241,222,411,228,218,367,137,272,156,375,598,132,598,552,328,366
268,165,328,429,410,512,599,398,306,566,537,299,202,337,471,390,263,149,421,378,129,452,139,361,324,306,496,425,512,137,573,188,404,419,488,520,419
269,478,293,218,175,214,320,180,175,233,526,251,421,487,482,163,419,346,292,470,548,530,556,138,545,377,529,486,239,425,588,241,409,225,492,530,528
270,552,289,404,350,320,542,506,436,472,473,307,316,217,330,362,577,304,284,388,332,439,395,559,270,471,224,291,525,347,285,292,542,495,202,604,543
271,431,214,421,404,411,299,515,178,287,208,174,372,493,302,309,176,487,524,195,463,352,512,285,164,269,159,241,399,372,414,333,393,355,304,184,372
272,535,353,482,539,205,562,603,152,279,439,141,568,448,321,554,442,282,357,355,606,385,403,574,183,265,315,212,266,607,470,463,402,587,360,357,510
273,489,275,506,224,204,290,440,293,137,289,457,554,368,440,404,419,592,435,529,223,525,278,208,431,323,366,418,145,394,172,222,323,571,327,527,170
274,177,595,251,446,572,349,479,146,322,172,465,341,219,331,145,507,164,203,143,162,441,158,482,397,142,139,423,163,463,413,299,135,379,580,226,462
275,471,128,261,381,476,306,487,441,146,325,500,511,570,526,364,358,399,570,390,331,202,499,606,323,363,278,281,408,548,340,468,338,137,152,151,337
276,287,590,443,306,320,239,605,283,424,431,241,552,197,331,592,389,460,178,456,382,511,155,260,420,324,489,179,522,585,294,418,594,368,435,362,320
277,253,589,478,415,334,327,467,423,244,443,194,384,297,567,273,511,164,375,234,320,193,557,519,394,429,330,141,137,415,234,411,375,459,187,206,423
278,592,400,265,444,479,342,474,322,344,329,220,487,604,508,228,464,283,187,506,523,327,337,284,246,577,447,197,424,556,378,558,192,297,480,356,443
279,446,315,459,240,300,547,449,478,593,584,295,388,257,287,522,171,306,282,239,292,239,421,531,161,197,415,151,309,440,541,143,129,574,162,157,204
280,514,194,189,607,205,397,551,505,501,306,217,143,415,569,136,217,538,386,458,547,285,462,515,353,485,208,606,457,300,223,307,246,555,427,302,489
281,144,447,319,129,581,526,520,409,400,599,257,384,300,281,393,289,603,556,495,221,520,373,581,461,448,552,133,293,203,281,189,489,316,572,203,441
282,289,381,517,345,288,257,155,468,433,287,310,244,535,209,542,577,193,345,242,369,344,506,394,445,586,376,340,136,259,216,376,400,226,254,381,253
283,324,556,607,368,577,187,161,483,278,333,443,250,424,207,369,428,237,599,224,526,490,155,369,565,545,483,536,199,445,363,508,196,596,453,288,517
284,241,432,152,569,527,511,567,421,261,354,225,296,203,491,199,230,487,434,298,540,390,504,310,284,373,382,452,148,203,445,342,253,445,373,395,407
285,368,278,217,558,431,564,334,455,263,407,298,324,374,385,158,490,347,343,558,171,594,543,500,562,263,439,458,537,437,217,490,391,326,338,514,147
286,298,267,409,209,173,547,569,502,407,430,221,157,575,272,588,606,193,574,408,473,443,385,528,200,315,198,314,349,224,162,492,165,293,529,372,288
287,544,489,561,157,151,320,602,488,242,355,596,414,392,307,413,395,356,235,268,596,163,475,601,558,411,414,215,597,429,219,159,510,277,323,563,280
288,372,150,136,210,239,261,573,437,601,347,440,545,483,480,603,418,537,417,137,535,280,345,160,152,359,136,190,552,222,353,326,498,434,550,598,386
289,421,400,461,222,490,231,404,470,454,133,463,364,304,498,321,228,337,414,516,430,542,229,271,140,419,418,421,605,515,303,364,235,473,319,181,519
290,134,504,295,317,439,283,376,390,490,204,349,534,338,343,490,317,149,494,536,543,287,588,498,302,396,430,350,281,320,520,478,250,524,248,520,307
291,501,407,431,406,475,188,424,239,471,603,232,179,430,415,481,161,240,510,565,466,430,462,437,296,161,516,551,334,284,524,165,442,475,412,176,337
292,225,594,378,156,514,346,448,577,191,533,374,188,343,429,289,227,401,194,352,152,194,500,341,326,233,594,311,359,555,352,556,325,492,423,323,196
293,460,385,492,277,509,241,483,408,361,251,423,486,133,439,568,254,570,533,370,378,577,575,378,180,322,281,243,151,216,198,288,505,367,606,242,572
294,298,251,480,517,391,362,483,321,344,435,195,162,396,515,248,536,244,496,512,482,542,463,485,415,247,419,237,350,527,213,214,298,529,172,185,198
295,129,407,414,570,294,582,470,572,542,466,171,315,578,179,339,202,255,467,137,445,363,557,291,378,283,454,276,448,310,310,163,241,353,162,249,227
296,405,295,305,345,144,500,227,289,544,183,432,328,410,552,264,150,410,542,362,569,319,562,275,224,246,514,290,545,398,486,406,469,169,357,538,371
297,359,487,295,435,322,159,386,363,461,588,154,285,575,577,289,274,297,203,427,448,598,395,346,473,427,605,519,153,259,574,133,553,184,140,367,152
298,287,562,187,294,518,167,166,440,193,395,187,576,180,472,488,311,197,523,253,555,535,453,268,317,242,475,373,462,587,248,580,531,593,499,402,456
299,130,203,526,555,238,426,245,255,217,183,482,492,542,145,378,404,299,331,584,315,602,604,443,438,403,352,130,573,212,253,509,387,225,399,307,539
300,386,390,451,257,411,323,501,318,238,587,200,312,311,311,483,277,497,412,205,567,387,487,300,274,606,604,285,406,490,386,270,172,507,367,262,430
301,454,321,190,486,420,500,429,443,171,161,502,340,349,315,457,241,220,169,283,163,550,550,379,386,430,488,597,195,473,343,495,361,374,505,521,435
302,241,179,576,431,456,165,252,241,146,215,432,526,517,273,502,308,512,520,205,546,491,283,488,548,420,174,500,584,468,173,559,306,561,210,231,383
303,309,588,138,424,583,496,504,560,274,605,460,510,554,286,237,336,266,471,191,383,521,254,254,572,309,174,219,411,164,438,287,276,369,308,531,424
304,153,603,558,605,470,236,223,367,327,380,573,372,580,500,147,254,581,181,507,433,185,433,497,293,586,437,147,185,606,521,538,408,606,553,501,165
305,358,446,415,166,356,311,607,407,471,507,297,222,199,225,488,282,469,556,429,393,429,569,359,135,304,510,532,207,243,223,311,197,250,174,353,407
306,540,227,545,550,212,279,308,152,544,582,214,438,584,462,319,564,383,490,563,334,202,523,531,235,184,242,423,283,206,526,606,136,450,515,176,463
307,349,499,394,276,544,556,559,522,571,343,345,570,238,326,271,191,601,266,249,238,161,338,529,397,394,280,553,260,151,472,319,375,496,583,351,286
308,279,439,521,267,571,525,358,417,201,197,398,509,265,293,173,187,517,243,606,556,458,257,195,349,318,354,462,228,259,458,348,266,333,186,534,531
309,164,335,245,271,435,478,320,601,318,173,447,379,318,398,284,154,592,287,427,593,433,259,515,555,595,475,220,430,388,182,176,333,307,537,548,483
310,172,131,543,597,418,562,384,438,310,204,230,185,132,406,186,438,401,350,290,134,272,305,380,497,158,405,409,475,257,389,393,201,435,206,295,142
311,180,565,351,571,558,472,432,580,489,329,582,184,586,508,532,234,318,200,480,358,232,420,215,175,533,208,500,271,460,576,141,326,270,425,400,147
312,268,238,508,145,402,283,358,288,519,331,258,333,442,128,263,320,360,467,553,219,371,258,361,263,415,605,462,484,594,447,501,174,174,211,330,297
313,543,550,437,498,345,351,602,355,421,440,600,163,245,196,263,356,215,210,534,496,280,263,544,383,422,507,199,562,239,164,179,557,539,187,495,483
314,584,319,202,271,446,521,564,464,227,256,489,608,420,210,198,470,443,341,186,461,554,408,363,516,467,380,270,411,137,430,343,586,199,572,603,357
315,324,191,331,203,571,333,271,216,230,185,470,206,146,456,291,237,138,575,409,579,459,219,417,433,302,324,324,269,410,554,325,482,434,204,581,291
316,428,180,452,319,366,505,415,226,603,320,503,425,481,437,436,155,540,588,532,341,384,589,555,245,322,160,404,292,525,244,139,440,590,256,378,211
317,399,427,303,168,373,552,313,206,496,588,156,449,271,297,480,336,370,387,354,607,398,494,540,212,581,576,551,495,491,456,273,557,156,480,271,150
318,590,548,299,457,199,440,252,352,378,180,373,507,402,436,243,608,363,561,210,269,141,166,300,531,289,393,347,167,420,348,203,396,283,287,488,497
319,254,378,572,568,579,601,416,555,602,425,448,546,283,231,371,458,201,339,209,323,509,559,344,197,517,570,581,411,598,153,563,548,226,149,419,308
320,407,436,569,410,500,412,302,457,441,139,453,483,325,130,151,426,503,218,200,279,160,189,229,393,566,433,148,534,312,404,246,381,573,531,473,437
321,319,222,602,290,427,564,496,211,441,319,135,153,275,550,344,409,275,234,283,148,266,572,255,238,490,434,570,177,263,407,157,245,290,365,219,252
322,325,158,601,556,456,526,552,466,536,231,441,198,513,435,445,545,356,170,252,404,606,448,246,586,273,522,369,601,535,167,295,217,398,173,556,509
323,402,513,227,138,170,278,450,337,484,581,313,489,348,404,206,503,588,415,184,451,218,318,253,303,383,318,496,345,570,272,425,384,416,383,423,188
324,301,346,233,254,584,555,308,473,267,572,342,421,483,383,321,550,557,149,450,565,189,501,398,538,252,461,208,445,306,576,332,423,442,273,209,321
325,540,542,544,583,185,284,132,299,313,284,387,258,568,143,277,412,516,132,480,551,421,170,429,498,576,606,399,539,372,450,157,572,353,314,171,358
326,388,600,210,607,152,392,501,458,393,582,442,596,421,337,208,473,198,525,329,568,400,537,458,226,399,170,458,193,376,552,143,355,541,318,194,186
327,368,597,344,522,244,530,346,537,193,448,282,313,275,286,595,433,266,393,373,383,174,264,362,413,391,382,319,602,223,321,256,499,287,222,565,394
328,188,569,314,343,445,148,234,601,220,426,444,478,483,417,339,572,384,415,186,217,592,547,436,549,145,267,133,572,319,544,518,608,417,320,209,172
329,163,500,549,457,136,277,161,278,397,248,370,374,193,450,520,457,243,385,497,140,182,397,322,161,358,228,135,565,285,516,416,424,595,128,362,453
330,322,504,448,208,424,302,491,340,232,354,326,189,219,178,258,452,562,240,498,360,183,589,244,528,162,559,512,318,268,399,268,324,523,430,314,600
331,519,570,229,223,575,356,374,479,608,500,436,225,470,539,156,219,167,321,499,267,554,166,222,205,334,501,207,318,285,161,233,329,429,153,425,381
332,415,470,424,571,579,190,359,516,588,299,442,226,292,548,554,493,318,408,409,131,354,241,337,189,606,593,188,206,417,351,364,437,155,378,460,235
333,551,373,568,352,528,466,485,558,417,417,396,415,463,365,213,185,167,170,391,147,435,500,139,457,148,240,346,140,311,475,418,267,216,412,180,418
334,284,182,259,523,369,469,366,548,396,430,573,376,247,275,509,531,587,358,538,478,232,539,145,252,216,592,427,552,505,601,402,566,579,585,216,247
335,444,606,197,245,331,356,479,277,264,233,575,334,581,544,566,399,198,353,436,377,560,402,358,297,387,473,394,276,356,599,321,514,129,228,228,454
336,446,499,423,171,256,408,498,551,231,291,399,273,263,169,369,171,247,339,567,216,420,602,223,154,236,221,379,425,305,413,338,300,602,224,528,216
337,437,233,210,139,538,269,147,323,223,321,405,359,398,575,228,447,351,329,280,590,406,148,216,304,371,573,179,408,333,607,190,327,361,237,455,322
338,175,497,174,220,427,276,521,577,542,596,523,155,278,429,414,465,588,277,286,346,549,328,273,499,265,275,241,205,196,478,290,315,222,219,485,565
339,547,418,256,201,367,524,527,578,561,377,338,232,497,452,129,443,171,241,260,454,295,483,590,391,149,166,548,584,249,347,510,279,159,214,313,558
340,582,588,490,281,300,595,538,160,154,559,600,398,291,221,482,576,570,373,255,461,336,373,322,430,564,427,316,504,143,394,402,222,264,554,242,410
341,434,410,529,505,270,263,262,188,191,422,477,510,206,398,234,226,169,259,499,449,248,601,419,288,582,491,419,192,405,254,456,363,427,488,230,261
342,342,337,218,369,191,427,498,510,208,463,377,500,455,283,366,604,337,347,418,423,352,266,597,229,512,508,275,161,362,502,546,142,251,264,173,391
343,193,182,311,198,262,568,601,388,279,207,286,401,470,379,385,509,556,387,273,443,493,539,386,590,466,215,235,285,568,376,257,472,587,307,553,206
344,321,570,417,485,570,151,581,564,238,334,528,576,278,452,254,277,291,570,129,563,412,158,433,528,606,275,164,571,551,406,440,463,263,280,604,327
345,446,461,566,136,570,137,149,526,176,318,143,394,327,143,230,240,150,350,478,582,592,352,177,145,352,452,545,537,390,471,527,209,317,281,379,221
346,528,357,501,222,362,559,129,190,367,133,130,326,529,564,485,386,237,154,365,503,191,359,504,227,279,350,435,222,315,559,377,532,460,528,196,246
347,179,596,448,517,386,231,500,130,173,131,191,293,319,353,536,131,138,214,323,523,549,184,587,142,409,418,234,146,357,233,374,368,235,392,477,440
348,514,399,461,162,202,377,602,480,365,342,357,349,323,552,448,386,268,426,169,168,505,439,408,492,524,592,344,416,243,333,356,528,542,357,235,557
349,236,157,154,551,191,135,570,479,405,519,196,153,337,180,206,511,449,437,513,510,466,471,566,137,262,249,338,540,472,521,385,176,199,258,517,375
350,164,508,402,433,531,373,494,450,443,547,232,419,336,286,587,484,294,171,222,321,386,242,588,363,405,516,586,236,226,311,400,389,224,361,598,211
351,601,267,450,358,518,383,325,520,386,354,591,439,493,533,209,206,164,554,222,188,581,540,280,350,376,556,472,487,574,188,351,545,595,456,596,602
352,393,288,277,306,366,349,145,474,150,339,473,419,251,392,321,493,128,461,569,551,527,359,502,387,218,581,309,520,431,454,437,377,510,337,351,272
353,251,419,461,217,300,278,569,203,317,449,294,222,455,396,313,553,255,422,145,437,366,499,180,428,228,257,181,209,500,214,414,295,362,158,155,293
354,161,604,493,362,550,585,183,211,508,150,298,328,446,244,256,272,217,172,162,230,377,175,427,171,497,281,477,331,406,520,423,354,426,333,495,166
355,534,206,242,176,595,232,345,402,395,171,158,574,333,345,357,397,528,202,574,539,208,189,286,496,196,349,194,404,184,195,472,349,508,245,415,173
356,293,378,462,323,347,261,268,391,169,483,365,603,221,607,229,575,395,315,298,557,536,211,264,384,384,346,279,215,560,233,146,403,606,220,237,233
357,401,212,343,584,141,323,523,276,498,459,312,521,452,396,394,603,139,299,399,570,131,425,212,197,316,598,277,308,142,287,162,221,132,335,352,458
358,584,550,312,305,524,454,510,176,264,205,506,286,369,580,304,406,489,469,450,182,590,344,397,305,253,275,474,584,370,398,608,589,509,291,353,582
359,204,608,393,259,321,508,517,536,428,233,323,355,232,153,299,288,537,185,346,593,268,311,504,443,192,588,217,472,282,560,496,567,595,560,567,298
360,249,484,343,299,486,442,559,456,597,390,457,562,191,491,419,542,586,137,240,391,504,222,307,388,156,481,443,259,426,295,331,286,164,553,278,404
361,509,281,344,535,297,219,423,191,565,592,604,267,575,398,468,474,217,409,275,292,283,496,358,436,335,577,201,493,512,468,503,157,424,269,152,499
362,184,594,390,354,298,578,309,513,427,601,201,606,369,491,499,589,542,502,131,257,327,253,477,326,505,241,469,152,420,365,420,599,526,228,320,279
363,244,399,247,389,263,435,311,468,286,436,202,295,548,545,330,288,174,153,207,380,345,482,581,190,562,202,354,549,562,578,433,594,451,582,436,526
364,257,413,453,363,464,364,564,529,373,265,607,500,294,444,271,473,353,332,234,200,329,214,341,258,388,322,486,412,478,165,275,289,426,180,196,194
365,477,188,344,274,466,170,199,171,473,393,311,322,338,197,565,546,318,403,475,422,306,449,407,514,410,436,444,549,179,493,436,270,449,407,189,481
366,564,312,359,192,586,277,442,345,520,419,591,199,229,539,317,303,340,377,414,606,255,606,598,287,246,574,206,147,489,285,408,444,337,579,293,511
367,317,235,606,230,547,607,314,541,244,221,286,309,466,387,371,148,495,296,374,370,561,159,546,476,584,412,402,380,443,140,577,564,477,567,605,516
368,282,225,508,306,564,496,421,477,561,201,565,179,559,137,500,161,353,155,156,212,557,530,450,246,591,527,570,291,368,593,240,141,138,365,273,412
369,566,240,128,353,369,323,549,289,581,214,452,301,439,256,347,403,362,139,488,166,320,563,443,182,397,197,505,253,323,443,428,363,505,272,498,445
370,283,545,603,345,388,423,356,265,578,562,254,390,497,492,372,533,542,535,572,580,335,427,217,549,266,543,167,485,536,493,148,262,495,414,574,136
371,140,296,337,373,589,277,441,412,355,428,587,321,580,318,604,567,392,224,200,274,248,295,309,149,529,483,189,424,436,473,536,196,426,555,228,323
372,235,446,225,357,324,516,492,328,325,438,315,265,566,131,589,417,375,539,536,408,138,598,377,163,457,388,278,605,315,366,476,501,158,425,217,445
373,385,523,409,584,175,530,603,179,153,354,415,278,199,305,495,236,481,438,538,582,463,291,247,181,470,458,579,304,433,440,285,246,517,199,152,398
374,343,437,215,133,450,586,520,493,385,366,352,426,176,284,278,608,605,292,331,350,391,247,349,210,478,311,218,220,436,430,566,205,476,194,226,512
375,284,290,224,407,299,165,447,286,312,313,505,380,253,423,602,470,560,577,419,229,181,142,452,489,549,363,174,431,603,554,435,589,149,128,465,272
376,556,593,142,291,575,433,508,220,483,151,557,516,548,387,402,417,601,585,455,173,468,329,450,224,234,438,363,180,440,248,581,415,444,441,153,598
377,159,556,271,603,526,381,140,317,337,307,607,240,552,386,129,272,359,152,304,275,377,508,298,536,472,222,258,387,444,452,131,142,164,515,283,183
378,247,302,316,341,199,242,139,558,372,466,181,478,466,528,262,364,283,462,263,531,590,514,290,268,231,191,493,299,307,437,392,602,476,597,494,253
379,346,226,354,236,197,353,281,282,233,434,242,523,401,486,419,528,368,254,259,520,581,366,331,446,512,513,526,192,549,422,607,526,470,292,400,559
380,606,193,583,511,398,446,305,529,398,157,499,235,260,505,222,396,289,327,134,379,250,216,202,297,605,150,172,154,270,583,204,372,145,355,474,305
381,241,196,176,545,507,231,402,378,450,164,351,216,496,242,162,518,369,563,162,314,347,524,253,385,391,367,309,226,546,580,387,446,373,465,394,566
382,366,225,262,184,551,553,425,549,435,486,290,475,157,555,257,596,426,213,147,588,477,358,150,276,392,285,329,260,441,410,502,371,549,301,211,486
383,287,178,282,568,556,241,191,128,410,459,152,277,539,331,579,312,160,325,362,498,363,603,300,441,283,514,470,195,443,186,256,393,541,327,502,282
384,452,419,234,602,461,249,548,215,272,347,240,556,409,278,495,139,246,423,544,245,162,137,193,135,600,210,465,244,487,519,464,588,573,349,526,362
385,389,546,308,545,306,209,369,526,273,533,182,190,493,269,513,574,501,152,314,496,370,154,504,269,520,248,377,197,370,454,514,350,559,221,530,554
386,369,562,513,588,347,368,595,231,175,156,371,334,234,580,148,205,348,357,355,403,396,440,454,378,604,332,520,589,582,160,374,515,359,471,457,252
387,565,302,374,374,282,502,180,395,559,242,424,560,295,517,226,342,423,535,344,605,326,298,476,383,263,239,158,139,155,363,211,406,571,389,148,179
388,412,481,504,342,523,149,319,517,364,503,344,513,449,193,336,305,573,307,414,480,339,257,269,576,564,499,193,196,405,159,226,578,260,559,531,418
389,237,193,218,471,238,431,293,151,356,554,218,584,526,150,545,604,429,570,481,231,484,330,422,424,356,361,284,259,552,298,508,515,479,264,326,243
390,258,366,399,206,271,544,308,412,507,374,391,300,331,588,485,363,310,358,247,242,296,330,258,590,593,251,371,181,537,268,492,542,535,258,128,379
391,596,546,427,247,204,585,309,305,149,172,256,503,147,543,455,561,399,252,178,359,291,150,603,325,182,579,466,183,309,196,416,524,536,265,502,552
392,289,192,371,187,458,180,513,550,455,440,513,476,349,270,409,578,501,338,255,229,471,592,307,531,499,535,143,287,569,254,576,404,373,197,183,492
393,511,532,347,603,447,358,447,347,280,567,539,327,215,373,497,313,364,135,235,288,553,578,443,478,537,210,256,414,337,557,183,323,175,363,208,353
394,198,566,202,145,414,567,439,549,213,356,521,552,452,144,287,498,447,319,502,334,271,277,131,552,560,157,376,338,548,277,153,183,539,459,332,207
395,192,439,510,380,288,471,174,145,549,248,597,390,513,498,508,605,361,220,512,235,456,520,507,266,582,407,328,352,510,278,223,412,438,531,335,448
396,221,237,329,269,420,368,144,442,198,541,513,484,387,465,128,570,256,468,454,190,462,534,433,173,404,407,287,281,371,535,499,407,330,310,286,221
397,565,174,307,157,415,462,278,335,410,489,600,519,505,499,284,526,184,214,224,449,530,375,603,179,418,547,316,128,205,246,251,432,436,178,603,541
398,563,409,172,342,133,603,567,346,532,397,373,176,449,130,326,221,241,310,155,527,367,193,583,240,349,508,379,135,333,601,137,438,282,297,348,189
399,338,323,377,170,248,289,565,500,538,217,503,293,543,324,202,533,180,323,269,356,403,213,582,345,204,410,219,542,299,201,270,538,552,166,551,554
400,556,567,510,428,180,284,562,213,467,320,221,369,188,452,323,387,364,450,351,459,370,202,270,506,140,529,482,582,260,333,388,134,329,512,337,556
401,406,158,133,545,337,376,583,441,364,271,339,353,430,202,264,284,352,200,560,420,204,390,379,142,240,559,445,443,332,546,422,333,600,503,182,608
402,207,563,272,199,148,196,180,197,146,153,503,574,541,493,366,590,206,269,223,559,253,159,520,545,135,551,137,177,266,335,400,257,530,171,579,248
403,535,436,279,162,471,405,225,230,592,233,171,149,362,340,182,590,460,215,143,256,500,513,211,594,148,196,140,191,504,485,179,490,495,347,370,509
404,150,320,472,378,379,301,429,502,573,580,204,175,254,532,564,256,391,477,151,250,243,577,507,587,471,494,607,357,281,217,297,571,269,512,331,595
405,330,562,348,500,307,302,130,502,579,217,188,272,343,375,514,327,183,518,303,289,248,498,254,600,523,465,276,473,561,454,329,508,417,603,128,394
406,507,140,206,129,248,351,171,232,288,358,222,297,236,522,392,436,583,221,240,512,151,244,145,146,579,501,558,491,540,198,593,226,159,353,379,419
407,532,204,446,208,208,328,213,324,198,554,166,572,480,401,139,280,443,526,348,164,571,135,274,268,151,326,185,403,378,198,604,225,128,251,443,579
408,536,521,581,353,554,579,165,181,396,283,511,143,134,532,433,200,448,234,466,508,341,453,233,235,508,351,566,538,216,203,459,203,483,404,511,307
409,198,561,526,503,361,388,587,582,598,499,530,491,146,248,406,404,181,265,436,510,525,388,539,366,172,219,213,300,223,317,499,521,164,332,545,270
410,274,153,309,601,501,491,331,253,266,509,500,510,338,379,133,258,391,553,425,469,530,495,412,175,161,517,357,173,351,206,152,262,468,202,285,603
411,575,217,594,491,401,459,584,560,188,394,176,254,132,501,145,245,507,214,216,572,185,411,595,223,204,237,129,323,409,306,260,592,395,361,134,334
412,455,217,580,434,259,390,549,405,487,433,193,471,378,223,271,445,167,538,444,469,241,406,252,461,179,562,323,503,300,206,212,403,224,358,293,210
413,273,595,475,220,569,523,135,418,409,146,199,392,398,365,594,407,420,358,516,511,526,200,541,161,174,505,524,596,288,470,395,270,536,176,479,255
414,209,251,565,158,361,200,378,287,203,445,219,350,136,416,322,146,304,379,385,553,454,251,464,308,266,202,213,552,460,472,457,176,185,267,519,303
415,237,163,318,604,409,174,460,278,296,362,424,315,451,423,470,403,455,170,560,369,311,423,534,201,422,512,195,299,239,410,225,408,151,531,492,532
416,221,344,388,250,516,471,397,342,174,215,425,409,533,491,314,599,574,168,386,581,485,416,223,206,219,181,250,467,364,158,599,261,402,457,549,244
417,257,381,579,588,169,528,598,399,375,174,302,265,464,406,446,352,249,130,532,350,541,349,576,318,598,157,542,326,437,376,341,241,390,299,457,544
418,466,326,514,418,147,267,443,185,175,186,256,222,283,422,145,216,231,285,423,262,348,372,563,521,209,537,526,365,262,309,188,490,209,216,226,472
419,215,513,377,439,471,166,601,164,472,550,189,475,484,594,292,321,404,530,580,379,330,348,593,462,139,402,446,474,402,529,344,223,607,379,569,396
420,288,250,147,167,595,421,448,598,394,129,511,263,352,324,334,304,377,601,270,590,216,534,208,557,516,567,500,404,500,586,215,540,564,430,313,578
421,201,405,299,396,552,172,529,195,350,551,537,438,302,340,342,557,484,298,529,269,454,165,204,277,578,500,563,532,376,203,393,552,517,593,177,242
422,343,195,300,415,432,129,194,377,485,502,134,309,410,399,373,338,276,255,427,353,306,486,286,504,239,276,592,584,248,592,271,530,204,548,470,254
423,135,501,382,471,287,468,571,341,155,174,410,213,596,478,526,291,256,522,455,206,218,142,548,234,567,335,547,242,575,504,189,215,300,443,461,553
424,593,464,227,500,484,406,524,307,194,329,156,194,269,549,395,397,267,579,218,168,176,418,280,467,195,134,549,180,459,420,538,503,135,359,345,395
425,187,528,592,154,575,500,562,271,551,350,333,542,426,394,169,183,608,442,381,251,395,320,607,413,521,553,378,573,512,203,504,464,410,474,596,540
426,308,312,340,438,291,206,225,193,467,322,339,226,597,285,278,369,286,386,579,221,326,607,195,390,369,187,386,588,148,371,604,130,257,323,291,258
427,147,437,468,229,186,338,573,435,211,340,210,358,422,579,369,414,232,144,149,547,556,220,453,189,292,321,602,352,301,477,167,348,227,540,587,378
428,592,280,380,231,307,146,263,397,225,226,427,539,403,505,607,545,169,580,422,444,563,277,544,598,232,545,528,292,608,450,482,427,309,309,580,450
429,344,564,462,270,199,473,292,540,603,316,317,400,476,597,560,485,389,497,265,580,351,391,517,226,507,403,328,325,249,600,231,457,206,268,139,161
430,353,331,265,230,272,413,254,544,132,490,216,536,204,140,336,501,347,421,354,263,420,595,557,529,450,546,140,498,200,132,149,564,600,508,181,252
431,265,186,562,352,604,303,518,339,281,475,392,501,201,416,347,390,453,530,195,142,357,467,278,168,200,550,576,215,589,342,164,542,360,407,523,350
432,542,338,516,223,425,455,179,424,581,422,482,221,240,168,560,273,249,586,333,282,164,528,566,381,139,209,319,476,246,518,592,280,608,133,131,219
433,238,550,349,229,380,362,257,591,175,372,140,602,594,430,559,604,600,516,304,131,593,357,258,298,515,570,310,129,549,196,372,354,244,183,608,142
434,162,417,507,233,594,470,540,309,331,293,189,194,462,538,369,475,455,414,368,235,298,585,405,137,503,227,353,476,601,153,505,424,512,330,355,558
435,165,561,546,227,390,535,438,514,405,257,234,192,512,226,584,543,496,567,376,303,382,448,548,499,396,140,361,135,264,364,491,390,278,172,555,496
436,450,457,587,310,599,497,151,136,432,525,455,594,238,440,302,181,335,573,292,391,156,161,374,544,179,434,204,395,282,424,233,325,474,519,288,315
437,279,222,390,180,567,348,471,469,423,244,542,355,322,546,369,393,497,580,575,525,524,586,578,247,293,169,414,263,156,246,608,263,296,425,237,188
438,569,175,485,478,279,227,216,494,555,354,471,448,443,377,424,312,407,514,387,403,424,271,340,194,320,446,551,597,581,346,385,401,475,290,564,148
439,134,253,210,370,218,501,242,470,310,232,296,525,267,486,255,491,538,171,145,337,509,458,360,605,588,321,441,507,232,161,369,204,585,434,423,377
440,596,406,146,354,269,235,215,332,522,265,436,185,222,527,240,574,579,247,410,513,422,376,174,268,154,200,416,166,223,266,546,345,455,415,224,149
441,376,377,573,204,184,361,197,497,366,283,357,419,400,451,158,497,574,540,328,586,340,554,563,303,304,480,481,459,417,495,372,448,538,548,282,128
442,328,364,312,219,260,369,336,371,395,435,432,500,212,329,263,274,189,522,438,329,154,572,205,226,330,573,154,393,187,190,327,331,285,253,386,398
443,555,575,557,170,527,228,565,375,451,181,165,392,194,239,318,310,222,597,158,474,276,375,323,275,531,483,467,452,188,247,553,401,258,384,443,272
444,384,305,388,351,586,497,593,536,310,171,227,137,242,191,455,282,408,519,323,254,461,310,427,370,607,307,352,213,309,540,179,556,468,154,247,263
445,435,128,279,517,517,491,278,156,211,361,340,376,537,545,278,390,288,321,262,433,214,356,180,209,366,324,214,335,490,606,178,294,569,320,584,235
446,130,551,606,344,354,346,606,487,473,438,482,456,575,267,595,527,318,440,235,543,343,388,549,377,408,137,303,511,166,335,164,236,151,510,156,257
447,548,274,462,407,214,374,184,369,183,216,166,501,511,284,427,566,594,467,587,135,235,539,182,552,197,243,383,475,276,505,152,516,597,338,415,227
448,352,553,576,287,569,411,591,163,585,474,223,551,447,342,315,135,140,343,495,392,206,311,390,415,224,303,150,371,262,366,541,330,192,146,263,503
449,454,299,253,531,492,552,159,463,201,475,328,531,220,443,174,324,535,414,161,400,266,525,351,287,494,163,363,166,405,373,392,190,580,524,574,308
450,257,155,176,420,229,389,470,156,418,498,421,576,529,364,508,219,559,517,423,299,607,534,590,181,139,397,470,154,217,144,432,176,490,168,490,606
451,340,160,214,436,301,146,379,486,494,445,267,141,375,547,214,413,562,378,495,317,279,244,344,452,181,486,206,146,272,377,367,275,554,584,387,300
452,354,190,500,582,322,354,509,353,382,236,140,193,458,242,409,297,598,495,567,444,312,508,230,598,453,519,276,230,288,331,308,429,497,497,301,600
453,186,506,207,523,412,583,354,289,294,381,453,549,573,380,551,278,549,498,193,562,533,294,320,430,134,473,319,344,137,311,224,193,132,560,187,287
454,285,333,445,416,366,198,309,435,148,182,461,605,416,474,255,386,550,429,376,428,304,236,322,440,377,343,275,589,404,231,159,448,597,559,391,190
